date,consommation_brute_electricite_rte
2013-01-01,5400.617021276596
2013-01-02,6428.8125
2013-01-03,6664.75
2013-01-04,6666.875
2013-01-05,6213.104166666667
2013-01-06,5899.541666666667
2013-01-07,6813.291666666667
2013-01-08,7241.3125
2013-01-09,7357.208333333333
2013-01-10,7302.604166666667
2013-01-11,7432.666666666667
2013-01-12,7052.0
2013-01-13,6901.125
2013-01-14,8066.291666666667
2013-01-15,8129.270833333333
2013-01-16,8286.666666666666
2013-01-17,8710.104166666666
2013-01-18,8643.166666666666
2013-01-19,7851.395833333333
2013-01-20,7599.395833333333
2013-01-21,7981.75
2013-01-22,8330.895833333334
2013-01-23,8240.5
2013-01-24,8287.708333333334
2013-01-25,8665.416666666666
2013-01-26,7938.291666666667
2013-01-27,7138.875
2013-01-28,7547.8125
2013-01-29,7365.5625
2013-01-30,7008.854166666667
2013-01-31,7289.104166666667
2013-02-01,7244.5
2013-02-02,6874.166666666667
2013-02-03,6737.854166666667
2013-02-04,7107.479166666667
2013-02-05,7485.8125
2013-02-06,7775.875
2013-02-07,7872.729166666667
2013-02-08,7653.375
2013-02-09,7327.666666666667
2013-02-10,7159.354166666667
2013-02-11,7754.020833333333
2013-02-12,7902.791666666667
2013-02-13,7970.1875
2013-02-14,8147.854166666667
2013-02-15,7403.875
2013-02-16,6727.083333333333
2013-02-17,6402.479166666667
2013-02-18,7159.166666666667
2013-02-19,7457.729166666667
2013-02-20,7456.916666666667
2013-02-21,7954.125
2013-02-22,8050.791666666667
2013-02-23,7698.729166666667
2013-02-24,7258.25
2013-02-25,7713.979166666667
2013-02-26,7722.75
2013-02-27,7754.666666666667
2013-02-28,7827.020833333333
2013-03-01,7726.541666666667
2013-03-02,7131.9375
2013-03-03,6633.9375
2013-03-04,7133.458333333333
2013-03-05,6846.3125
2013-03-06,6559.4375
2013-03-07,6535.5625
2013-03-08,6586.354166666667
2013-03-09,6034.666666666667
2013-03-10,6150.541666666667
2013-03-11,7665.520833333333
2013-03-12,7820.104166666667
2013-03-13,7884.916666666667
2013-03-14,7799.604166666667
2013-03-15,7836.583333333333
2013-03-16,7037.791666666667
2013-03-17,6350.354166666667
2013-03-18,7177.1875
2013-03-19,7175.041666666667
2013-03-20,7354.708333333333
2013-03-21,7314.895833333333
2013-03-22,7109.5625
2013-03-23,6560.666666666667
2013-03-24,6486.1875
2013-03-25,7300.9375
2013-03-26,7386.395833333333
2013-03-27,7255.75
2013-03-28,7125.75
2013-03-29,7236.9375
2013-03-30,6803.125
2013-03-31,6534.145833333333
2013-04-01,6484.145833333333
2013-04-02,7077.645833333333
2013-04-03,7343.416666666667
2013-04-04,7277.291666666667
2013-04-05,7292.0
2013-04-06,6609.395833333333
2013-04-07,6012.0625
2013-04-08,6503.958333333333
2013-04-09,6635.8125
2013-04-10,6583.729166666667
2013-04-11,6410.666666666667
2013-04-12,6258.291666666667
2013-04-13,5576.895833333333
2013-04-14,4836.166666666667
2013-04-15,5393.041666666667
2013-04-16,5792.4375
2013-04-17,5647.25
2013-04-18,5619.770833333333
2013-04-19,5885.645833333333
2013-04-20,5319.645833333333
2013-04-21,4991.145833333333
2013-04-22,5660.375
2013-04-23,5852.3125
2013-04-24,5884.9375
2013-04-25,5625.729166666667
2013-04-26,5784.958333333333
2013-04-27,5511.666666666667
2013-04-28,5253.208333333333
2013-04-29,5962.333333333333
2013-04-30,6016.041666666667
2013-05-01,4994.791666666667
2013-05-02,5694.416666666667
2013-05-03,5765.791666666667
2013-05-04,5170.4375
2013-05-05,4726.354166666667
2013-05-06,5381.270833333333
2013-05-07,5431.020833333333
2013-05-08,4835.208333333333
2013-05-09,4685.604166666667
2013-05-10,5027.020833333333
2013-05-11,4968.833333333333
2013-05-12,4795.354166666667
2013-05-13,5674.416666666667
2013-05-14,5932.375
2013-05-15,5816.375
2013-05-16,5933.520833333333
2013-05-17,6016.708333333333
2013-05-18,5304.75
2013-05-19,4925.520833333333
2013-05-20,5241.375
2013-05-21,6050.916666666667
2013-05-22,6100.0625
2013-05-23,6175.083333333333
2013-05-24,6457.291666666667
2013-05-25,5606.541666666667
2013-05-26,5062.895833333333
2013-05-27,5591.979166666667
2013-05-28,5800.520833333333
2013-05-29,5976.833333333333
2013-05-30,6045.666666666667
2013-05-31,5882.770833333333
2013-06-01,5127.875
2013-06-02,4602.416666666667
2013-06-03,5412.104166666667
2013-06-04,5552.958333333333
2013-06-05,5464.791666666667
2013-06-06,5409.791666666667
2013-06-07,5342.125
2013-06-08,4764.291666666667
2013-06-09,4420.0
2013-06-10,5150.770833333333
2013-06-11,5325.041666666667
2013-06-12,5347.270833333333
2013-06-13,5340.958333333333
2013-06-14,5331.104166666667
2013-06-15,4835.979166666667
2013-06-16,4397.479166666667
2013-06-17,5146.229166666667
2013-06-18,5279.916666666667
2013-06-19,5358.104166666667
2013-06-20,5333.270833333333
2013-06-21,5342.4375
2013-06-22,4836.875
2013-06-23,4535.416666666667
2013-06-24,5233.520833333333
2013-06-25,5329.854166666667
2013-06-26,5432.979166666667
2013-06-27,5436.020833333333
2013-06-28,5444.729166666667
2013-06-29,4857.270833333333
2013-06-30,4491.520833333333
2013-07-01,5198.0
2013-07-02,5391.145833333333
2013-07-03,5439.3125
2013-07-04,5423.854166666667
2013-07-05,5436.041666666667
2013-07-06,4789.666666666667
2013-07-07,4416.75
2013-07-08,5133.4375
2013-07-09,5345.375
2013-07-10,5415.0
2013-07-11,5364.083333333333
2013-07-12,5270.354166666667
2013-07-13,4773.854166666667
2013-07-14,4361.083333333333
2013-07-15,5134.208333333333
2013-07-16,5227.354166666667
2013-07-17,5225.125
2013-07-18,5258.6875
2013-07-19,5236.3125
2013-07-20,4702.458333333333
2013-07-21,4348.1875
2013-07-22,5091.104166666667
2013-07-23,5332.4375
2013-07-24,5249.229166666667
2013-07-25,5256.479166666667
2013-07-26,5120.916666666667
2013-07-27,4535.020833333333
2013-07-28,4133.104166666667
2013-07-29,4731.625
2013-07-30,4869.229166666667
2013-07-31,4783.875
2013-08-01,4878.020833333333
2013-08-02,4816.645833333333
2013-08-03,4313.270833333333
2013-08-04,4025.5833333333335
2013-08-05,4444.5625
2013-08-06,4508.291666666667
2013-08-07,4475.979166666667
2013-08-08,4395.770833333333
2013-08-09,4411.583333333333
2013-08-10,4050.5
2013-08-11,3828.4375
2013-08-12,4297.791666666667
2013-08-13,4374.145833333333
2013-08-14,4412.1875
2013-08-15,4119.458333333333
2013-08-16,4327.916666666667
2013-08-17,4230.979166666667
2013-08-18,4014.8541666666665
2013-08-19,4446.083333333333
2013-08-20,4641.541666666667
2013-08-21,4730.791666666667
2013-08-22,4796.333333333333
2013-08-23,4817.916666666667
2013-08-24,4512.125
2013-08-25,4194.395833333333
2013-08-26,4846.25
2013-08-27,5067.270833333333
2013-08-28,5127.4375
2013-08-29,5218.416666666667
2013-08-30,5133.333333333333
2013-08-31,4564.666666666667
2013-09-01,4211.333333333333
2013-09-02,5011.520833333333
2013-09-03,5329.1875
2013-09-04,5425.791666666667
2013-09-05,5391.854166666667
2013-09-06,5328.958333333333
2013-09-07,4688.875
2013-09-08,4358.541666666667
2013-09-09,5146.541666666667
2013-09-10,5375.979166666667
2013-09-11,5545.791666666667
2013-09-12,5572.583333333333
2013-09-13,5601.041666666667
2013-09-14,5003.041666666667
2013-09-15,4615.958333333333
2013-09-16,5338.520833333333
2013-09-17,5735.166666666667
2013-09-18,5675.291666666667
2013-09-19,5682.125
2013-09-20,5505.291666666667
2013-09-21,4870.854166666667
2013-09-22,4496.020833333333
2013-09-23,5260.854166666667
2013-09-24,5466.020833333333
2013-09-25,5477.145833333333
2013-09-26,5481.791666666667
2013-09-27,5492.395833333333
2013-09-28,4905.020833333333
2013-09-29,4568.416666666667
2013-09-30,5309.333333333333
2013-10-01,5594.479166666667
2013-10-02,5688.5
2013-10-03,5640.020833333333
2013-10-04,5590.354166666667
2013-10-05,4954.625
2013-10-06,4619.604166666667
2013-10-07,5306.0
2013-10-08,5545.958333333333
2013-10-09,5637.958333333333
2013-10-10,5999.270833333333
2013-10-11,6178.645833333333
2013-10-12,5586.729166666667
2013-10-13,5475.5625
2013-10-14,6175.145833333333
2013-10-15,6200.729166666667
2013-10-16,6446.583333333333
2013-10-17,6188.583333333333
2013-10-18,6092.479166666667
2013-10-19,5429.4375
2013-10-20,4967.604166666667
2013-10-21,5625.270833333333
2013-10-22,5715.791666666667
2013-10-23,5738.4375
2013-10-24,5853.208333333333
2013-10-25,5834.791666666667
2013-10-26,5112.333333333333
2013-10-27,4903.770833333333
2013-10-28,5830.791666666667
2013-10-29,6232.104166666667
2013-10-30,6352.895833333333
2013-10-31,6299.4375
2013-11-01,5595.8125
2013-11-02,5509.0
2013-11-03,5489.166666666667
2013-11-04,6380.020833333333
2013-11-05,6911.25
2013-11-06,6674.041666666667
2013-11-07,6466.458333333333
2013-11-08,6441.979166666667
2013-11-09,5982.229166666667
2013-11-10,5697.520833333333
2013-11-11,6043.4375
2013-11-12,6775.979166666667
2013-11-13,6854.125
2013-11-14,7110.104166666667
2013-11-15,6945.5
2013-11-16,6454.625
2013-11-17,6084.270833333333
2013-11-18,6949.708333333333
2013-11-19,7116.666666666667
2013-11-20,7484.020833333333
2013-11-21,7601.229166666667
2013-11-22,7576.479166666667
2013-11-23,6761.375
2013-11-24,6303.520833333333
2013-11-25,7043.270833333333
2013-11-26,7260.0
2013-11-27,7235.416666666667
2013-11-28,7363.833333333333
2013-11-29,7199.291666666667
2013-11-30,6510.4375
2013-12-01,6153.854166666667
2013-12-02,6945.979166666667
2013-12-03,7559.583333333333
2013-12-04,7632.958333333333
2013-12-05,7624.145833333333
2013-12-06,7498.145833333333
2013-12-07,6618.645833333333
2013-12-08,6210.3125
2013-12-09,7256.895833333333
2013-12-10,7628.5625
2013-12-11,7835.5625
2013-12-12,8156.833333333333
2013-12-13,7998.041666666667
2013-12-14,6968.291666666667
2013-12-15,6525.333333333333
2013-12-16,7188.125
2013-12-17,7321.708333333333
2013-12-18,7218.25
2013-12-19,7128.979166666667
2013-12-20,7166.75
2013-12-21,6733.208333333333
2013-12-22,6252.104166666667
2013-12-23,6534.958333333333
2013-12-24,6101.208333333333
2013-12-25,5394.666666666667
2013-12-26,6081.75
2013-12-27,6310.583333333333
2013-12-28,5917.75
2013-12-29,5892.9375
2013-12-30,6522.5
2013-12-31,6235.541666666667
2014-01-01,5801.354166666667
2014-01-02,6271.729166666667
2014-01-03,6535.625
2014-01-04,6336.666666666667
2014-01-05,6215.5625
2014-01-06,6726.375
2014-01-07,6854.0625
2014-01-08,6874.645833333333
2014-01-09,6970.625
2014-01-10,7239.875
2014-01-11,6628.583333333333
2014-01-12,6706.958333333333
2014-01-13,7161.791666666667
2014-01-14,7423.458333333333
2014-01-15,7635.416666666667
2014-01-16,7330.3125
2014-01-17,7320.479166666667
2014-01-18,6662.395833333333
2014-01-19,6203.729166666667
2014-01-20,7188.875
2014-01-21,7558.583333333333
2014-01-22,7746.1875
2014-01-23,7475.666666666667
2014-01-24,7428.020833333333
2014-01-25,6893.625
2014-01-26,6569.354166666667
2014-01-27,7498.729166666667
2014-01-28,7723.4375
2014-01-29,7679.104166666667
2014-01-30,7417.395833333333
2014-01-31,7524.9375
2014-02-01,6791.125
2014-02-02,6446.3125
2014-02-03,7165.6875
2014-02-04,7256.25
2014-02-05,7471.083333333333
2014-02-06,7487.395833333333
2014-02-07,7236.479166666667
2014-02-08,6675.25
2014-02-09,6469.708333333333
2014-02-10,7023.604166666667
2014-02-11,7354.541666666667
2014-02-12,7598.5625
2014-02-13,7497.166666666667
2014-02-14,7596.833333333333
2014-02-15,6502.1875
2014-02-16,6092.833333333333
2014-02-17,6842.791666666667
2014-02-18,7223.791666666667
2014-02-19,7180.604166666667
2014-02-20,7109.25
2014-02-21,6982.416666666667
2014-02-22,6416.125
2014-02-23,5966.083333333333
2014-02-24,6569.270833333333
2014-02-25,6814.395833333333
2014-02-26,6716.291666666667
2014-02-27,7088.208333333333
2014-02-28,7089.479166666667
2014-03-01,6427.9375
2014-03-02,6128.020833333333
2014-03-03,6710.8125
2014-03-04,6862.104166666667
2014-03-05,6758.8125
2014-03-06,6770.125
2014-03-07,6621.5
2014-03-08,5796.75
2014-03-09,5296.125
2014-03-10,6121.166666666667
2014-03-11,6410.375
2014-03-12,6383.395833333333
2014-03-13,6406.291666666667
2014-03-14,6374.895833333333
2014-03-15,5761.208333333333
2014-03-16,5253.083333333333
2014-03-17,6154.0
2014-03-18,6508.875
2014-03-19,6420.854166666667
2014-03-20,6252.8125
2014-03-21,6207.354166666667
2014-03-22,5825.479166666667
2014-03-23,5670.645833333333
2014-03-24,6377.3125
2014-03-25,6613.0625
2014-03-26,6606.3125
2014-03-27,6615.375
2014-03-28,6436.208333333333
2014-03-29,5548.958333333333
2014-03-30,5016.125
2014-03-31,5723.125
2014-04-01,5748.541666666667
2014-04-02,5709.854166666667
2014-04-03,5706.375
2014-04-04,5829.166666666667
2014-04-05,5224.8125
2014-04-06,4864.3125
2014-04-07,5604.395833333333
2014-04-08,5931.416666666667
2014-04-09,6081.354166666667
2014-04-10,5963.833333333333
2014-04-11,5898.541666666667
2014-04-12,5372.0625
2014-04-13,5021.729166666667
2014-04-14,5837.6875
2014-04-15,6067.229166666667
2014-04-16,6045.020833333333
2014-04-17,5976.604166666667
2014-04-18,5885.833333333333
2014-04-19,5321.229166666667
2014-04-20,4800.9375
2014-04-21,4821.354166666667
2014-04-22,5552.083333333333
2014-04-23,5700.0625
2014-04-24,5637.145833333333
2014-04-25,5642.083333333333
2014-04-26,5262.583333333333
2014-04-27,4983.0625
2014-04-28,5645.416666666667
2014-04-29,5704.75
2014-04-30,5613.270833333333
2014-05-01,4759.791666666667
2014-05-02,5301.1875
2014-05-03,5184.125
2014-05-04,4910.666666666667
2014-05-05,5586.875
2014-05-06,5651.666666666667
2014-05-07,5773.875
2014-05-08,5252.4375
2014-05-09,5459.166666666667
2014-05-10,5262.479166666667
2014-05-11,4979.9375
2014-05-12,5761.75
2014-05-13,5889.770833333333
2014-05-14,5838.4375
2014-05-15,5729.729166666667
2014-05-16,5678.145833333333
2014-05-17,4997.541666666667
2014-05-18,4556.354166666667
2014-05-19,5257.520833333333
2014-05-20,5420.0
2014-05-21,5503.541666666667
2014-05-22,5501.770833333333
2014-05-23,5490.875
2014-05-24,4957.770833333333
2014-05-25,4557.083333333333
2014-05-26,5328.083333333333
2014-05-27,5595.729166666667
2014-05-28,5656.229166666667
2014-05-29,4918.354166666667
2014-05-30,5086.354166666667
2014-05-31,4746.25
2014-06-01,4508.25
2014-06-02,5267.5625
2014-06-03,5454.770833333333
2014-06-04,5575.083333333333
2014-06-05,5581.145833333333
2014-06-06,5502.020833333333
2014-06-07,4858.854166666667
2014-06-08,4417.75
2014-06-09,4563.583333333333
2014-06-10,5251.458333333333
2014-06-11,5270.395833333333
2014-06-12,5320.041666666667
2014-06-13,5339.1875
2014-06-14,4704.083333333333
2014-06-15,4388.520833333333
2014-06-16,5234.541666666667
2014-06-17,5367.0
2014-06-18,5406.25
2014-06-19,5471.416666666667
2014-06-20,5345.416666666667
2014-06-21,4782.895833333333
2014-06-22,4382.333333333333
2014-06-23,5123.833333333333
2014-06-24,5300.041666666667
2014-06-25,5342.166666666667
2014-06-26,5305.875
2014-06-27,5330.1875
2014-06-28,4655.125
2014-06-29,4354.875
2014-06-30,5039.895833333333
2014-07-01,5269.708333333333
2014-07-02,5273.8125
2014-07-03,5372.041666666667
2014-07-04,5308.3125
2014-07-05,4726.104166666667
2014-07-06,4345.145833333333
2014-07-07,5043.9375
2014-07-08,5306.916666666667
2014-07-09,5468.5625
2014-07-10,5543.666666666667
2014-07-11,5495.4375
2014-07-12,4763.541666666667
2014-07-13,4394.458333333333
2014-07-14,4310.6875
2014-07-15,5213.333333333333
2014-07-16,5335.3125
2014-07-17,5392.895833333333
2014-07-18,5342.729166666667
2014-07-19,4730.5625
2014-07-20,4324.791666666667
2014-07-21,5019.083333333333
2014-07-22,5288.020833333333
2014-07-23,5356.791666666667
2014-07-24,5183.666666666667
2014-07-25,5175.458333333333
2014-07-26,4633.895833333333
2014-07-27,4287.666666666667
2014-07-28,4863.083333333333
2014-07-29,4972.0625
2014-07-30,4961.479166666667
2014-07-31,4918.104166666667
2014-08-01,4837.229166666667
2014-08-02,4349.729166666667
2014-08-03,3997.4791666666665
2014-08-04,4392.3125
2014-08-05,4469.75
2014-08-06,4532.791666666667
2014-08-07,4469.395833333333
2014-08-08,4513.416666666667
2014-08-09,4125.083333333333
2014-08-10,3955.2083333333335
2014-08-11,4235.875
2014-08-12,4444.604166666667
2014-08-13,4467.895833333333
2014-08-14,4447.666666666667
2014-08-15,4091.0416666666665
2014-08-16,4096.395833333333
2014-08-17,3959.4166666666665
2014-08-18,4507.083333333333
2014-08-19,4682.770833333333
2014-08-20,4765.145833333333
2014-08-21,4806.020833333333
2014-08-22,4841.166666666667
2014-08-23,4440.416666666667
2014-08-24,4234.854166666667
2014-08-25,5092.083333333333
2014-08-26,5308.604166666667
2014-08-27,5281.25
2014-08-28,5340.354166666667
2014-08-29,5272.791666666667
2014-08-30,4753.520833333333
2014-08-31,4408.6875
2014-09-01,5217.75
2014-09-02,5429.979166666667
2014-09-03,5447.895833333333
2014-09-04,5450.8125
2014-09-05,5451.75
2014-09-06,4831.1875
2014-09-07,4490.854166666667
2014-09-08,5240.979166666667
2014-09-09,5388.770833333333
2014-09-10,5418.583333333333
2014-09-11,5461.854166666667
2014-09-12,5419.645833333333
2014-09-13,4834.520833333333
2014-09-14,4533.666666666667
2014-09-15,5367.291666666667
2014-09-16,5487.6875
2014-09-17,5420.666666666667
2014-09-18,5457.4375
2014-09-19,5458.583333333333
2014-09-20,4864.291666666667
2014-09-21,4482.625
2014-09-22,5286.645833333333
2014-09-23,5592.145833333333
2014-09-24,5730.0625
2014-09-25,5515.354166666667
2014-09-26,5551.916666666667
2014-09-27,4912.041666666667
2014-09-28,4433.75
2014-09-29,5408.3125
2014-09-30,5668.020833333333
2014-10-01,5581.625
2014-10-02,5566.833333333333
2014-10-03,5532.75
2014-10-04,4927.645833333333
2014-10-05,4678.083333333333
2014-10-06,5641.416666666667
2014-10-07,5748.791666666667
2014-10-08,6012.354166666667
2014-10-09,5830.479166666667
2014-10-10,5693.395833333333
2014-10-11,5211.25
2014-10-12,4974.791666666667
2014-10-13,5691.125
2014-10-14,5932.083333333333
2014-10-15,5961.4375
2014-10-16,5872.229166666667
2014-10-17,5808.166666666667
2014-10-18,5101.6875
2014-10-19,4633.583333333333
2014-10-20,5467.083333333333
2014-10-21,5896.979166666667
2014-10-22,6140.875
2014-10-23,6053.979166666667
2014-10-24,6039.4375
2014-10-25,5305.916666666667
2014-10-26,4914.4375
2014-10-27,5726.875
2014-10-28,6140.75
2014-10-29,6144.3125
2014-10-30,5985.6875
2014-10-31,5771.958333333333
2014-11-01,5077.020833333333
2014-11-02,4967.5
2014-11-03,6038.6875
2014-11-04,6365.541666666667
2014-11-05,6604.0625
2014-11-06,6617.791666666667
2014-11-07,6643.083333333333
2014-11-08,5868.729166666667
2014-11-09,5444.041666666667
2014-11-10,5924.625
2014-11-11,5595.104166666667
2014-11-12,6271.208333333333
2014-11-13,6630.291666666667
2014-11-14,6644.416666666667
2014-11-15,5941.0
2014-11-16,5642.875
2014-11-17,6469.729166666667
2014-11-18,6649.208333333333
2014-11-19,6810.1875
2014-11-20,6981.75
2014-11-21,6965.395833333333
2014-11-22,6130.770833333333
2014-11-23,5602.979166666667
2014-11-24,6412.416666666667
2014-11-25,6990.333333333333
2014-11-26,6956.354166666667
2014-11-27,6739.9375
2014-11-28,6520.520833333333
2014-11-29,6134.708333333333
2014-11-30,6142.25
2014-12-01,7058.270833333333
2014-12-02,7436.375
2014-12-03,7717.479166666667
2014-12-04,7785.729166666667
2014-12-05,7604.958333333333
2014-12-06,6767.729166666667
2014-12-07,6691.0625
2014-12-08,7506.020833333333
2014-12-09,7689.729166666667
2014-12-10,7449.4375
2014-12-11,7382.625
2014-12-12,7211.541666666667
2014-12-13,6651.479166666667
2014-12-14,6716.0
2014-12-15,7355.979166666667
2014-12-16,7245.1875
2014-12-17,7250.291666666667
2014-12-18,6877.145833333333
2014-12-19,6720.875
2014-12-20,6384.520833333333
2014-12-21,6252.1875
2014-12-22,6535.125
2014-12-23,6274.604166666667
2014-12-24,5981.854166666667
2014-12-25,5507.645833333333
2014-12-26,6382.791666666667
2014-12-27,6625.583333333333
2014-12-28,6761.0625
2014-12-29,7248.229166666667
2014-12-30,6983.833333333333
2014-12-31,6645.520833333333
2015-01-01,6326.416666666667
2015-01-02,6529.354166666667
2015-01-03,6603.083333333333
2015-01-04,6325.666666666667
2015-01-05,7607.5625
2015-01-06,7973.8125
2015-01-07,7890.1875
2015-01-08,7667.354166666667
2015-01-09,7362.666666666667
2015-01-10,6339.104166666667
2015-01-11,6304.25
2015-01-12,7202.520833333333
2015-01-13,7140.395833333333
2015-01-14,7518.854166666667
2015-01-15,7446.625
2015-01-16,7357.479166666667
2015-01-17,6899.395833333333
2015-01-18,6665.895833333333
2015-01-19,7586.958333333333
2015-01-20,7821.041666666667
2015-01-21,7926.270833333333
2015-01-22,8194.4375
2015-01-23,8060.208333333333
2015-01-24,7368.583333333333
2015-01-25,6835.333333333333
2015-01-26,7256.958333333333
2015-01-27,7458.541666666667
2015-01-28,7651.708333333333
2015-01-29,7760.041666666667
2015-01-30,7835.666666666667
2015-01-31,7191.645833333333
2015-02-01,6984.354166666667
2015-02-02,7678.5625
2015-02-03,7903.625
2015-02-04,7947.708333333333
2015-02-05,8076.520833333333
2015-02-06,8384.833333333334
2015-02-07,7532.25
2015-02-08,6754.541666666667
2015-02-09,7752.625
2015-02-10,7693.75
2015-02-11,7648.333333333333
2015-02-12,7761.4375
2015-02-13,7591.520833333333
2015-02-14,6598.520833333333
2015-02-15,6152.979166666667
2015-02-16,7317.020833333333
2015-02-17,7415.208333333333
2015-02-18,7628.979166666667
2015-02-19,7568.729166666667
2015-02-20,7521.416666666667
2015-02-21,6730.083333333333
2015-02-22,6470.520833333333
2015-02-23,7065.208333333333
2015-02-24,7200.4375
2015-02-25,7244.791666666667
2015-02-26,7169.6875
2015-02-27,7060.625
2015-02-28,6670.479166666667
2015-03-01,5918.270833333333
2015-03-02,6780.0625
2015-03-03,7128.770833333333
2015-03-04,7139.0625
2015-03-05,7068.3125
2015-03-06,7015.9375
2015-03-07,6268.5625
2015-03-08,5725.875
2015-03-09,6432.916666666667
2015-03-10,6550.083333333333
2015-03-11,6751.083333333333
2015-03-12,6703.083333333333
2015-03-13,6643.791666666667
2015-03-14,6191.333333333333
2015-03-15,6010.291666666667
2015-03-16,6647.104166666667
2015-03-17,6526.854166666667
2015-03-18,6590.791666666667
2015-03-19,7011.083333333333
2015-03-20,6912.708333333333
2015-03-21,6302.4375
2015-03-22,5943.3125
2015-03-23,6724.916666666667
2015-03-24,6997.479166666667
2015-03-25,7032.916666666667
2015-03-26,7279.583333333333
2015-03-27,6823.229166666667
2015-03-28,6132.708333333333
2015-03-29,5736.645833333333
2015-03-30,6416.270833333333
2015-03-31,6574.520833333333
2015-04-01,6761.916666666667
2015-04-02,6775.416666666667
2015-04-03,6865.958333333333
2015-04-04,6137.729166666667
2015-04-05,5675.375
2015-04-06,5805.729166666667
2015-04-07,6341.9375
2015-04-08,6283.666666666667
2015-04-09,6084.666666666667
2015-04-10,5860.645833333333
2015-04-11,5337.125
2015-04-12,5088.9375
2015-04-13,5638.4375
2015-04-14,5594.916666666667
2015-04-15,5474.916666666667
2015-04-16,5456.041666666667
2015-04-17,5573.625
2015-04-18,5156.520833333333
2015-04-19,4889.395833333333
2015-04-20,5602.75
2015-04-21,5631.229166666667
2015-04-22,5741.8125
2015-04-23,5787.395833333333
2015-04-24,5670.875
2015-04-25,5089.520833333333
2015-04-26,4805.5
2015-04-27,5601.583333333333
2015-04-28,5822.625
2015-04-29,5883.125
2015-04-30,5878.208333333333
2015-05-01,5000.3125
2015-05-02,5081.104166666667
2015-05-03,4837.354166666667
2015-05-04,5367.25
2015-05-05,5407.770833333333
2015-05-06,5560.354166666667
2015-05-07,5588.354166666667
2015-05-08,4771.541666666667
2015-05-09,4746.020833333333
2015-05-10,4544.541666666667
2015-05-11,5231.770833333333
2015-05-12,5308.3125
2015-05-13,5375.125
2015-05-14,4914.729166666667
2015-05-15,5267.666666666667
2015-05-16,5015.0
2015-05-17,4626.895833333333
2015-05-18,5454.270833333333
2015-05-19,5700.479166666667
2015-05-20,5780.166666666667
2015-05-21,5708.583333333333
2015-05-22,5635.479166666667
2015-05-23,4943.479166666667
2015-05-24,4523.458333333333
2015-05-25,4636.541666666667
2015-05-26,5301.020833333333
2015-05-27,5447.229166666667
2015-05-28,5472.3125
2015-05-29,5556.625
2015-05-30,4851.916666666667
2015-05-31,4599.1875
2015-06-01,5309.979166666667
2015-06-02,5529.604166666667
2015-06-03,5462.333333333333
2015-06-04,5456.479166666667
2015-06-05,5333.479166666667
2015-06-06,4653.25
2015-06-07,4318.4375
2015-06-08,5060.791666666667
2015-06-09,5293.9375
2015-06-10,5378.666666666667
2015-06-11,5385.416666666667
2015-06-12,5346.0
2015-06-13,4690.0625
2015-06-14,4334.625
2015-06-15,5066.833333333333
2015-06-16,5267.770833333333
2015-06-17,5368.875
2015-06-18,5416.6875
2015-06-19,5284.5625
2015-06-20,4687.354166666667
2015-06-21,4364.895833333333
2015-06-22,5167.833333333333
2015-06-23,5210.416666666667
2015-06-24,5245.4375
2015-06-25,5243.854166666667
2015-06-26,5242.104166666667
2015-06-27,4636.895833333333
2015-06-28,4320.520833333333
2015-06-29,5066.5
2015-06-30,5208.520833333333
2015-07-01,5277.1875
2015-07-02,5388.4375
2015-07-03,5328.979166666667
2015-07-04,4805.104166666667
2015-07-05,4325.166666666667
2015-07-06,5089.270833333333
2015-07-07,5147.166666666667
2015-07-08,5224.0
2015-07-09,5190.0625
2015-07-10,5132.354166666667
2015-07-11,4645.229166666667
2015-07-12,4242.041666666667
2015-07-13,4685.5
2015-07-14,4412.4375
2015-07-15,5158.4375
2015-07-16,5288.479166666667
2015-07-17,5221.0625
2015-07-18,4562.208333333333
2015-07-19,4172.333333333333
2015-07-20,4933.666666666667
2015-07-21,5036.9375
2015-07-22,5109.5
2015-07-23,5088.4375
2015-07-24,5016.604166666667
2015-07-25,4444.625
2015-07-26,4180.708333333333
2015-07-27,4712.583333333333
2015-07-28,4793.083333333333
2015-07-29,4752.791666666667
2015-07-30,4751.625
2015-07-31,4642.541666666667
2015-08-01,4102.770833333333
2015-08-02,3914.75
2015-08-03,4386.083333333333
2015-08-04,4391.6875
2015-08-05,4428.895833333333
2015-08-06,4460.9375
2015-08-07,4403.270833333333
2015-08-08,4051.3541666666665
2015-08-09,3819.875
2015-08-10,4263.4375
2015-08-11,4377.666666666667
2015-08-12,4381.875
2015-08-13,4407.979166666667
2015-08-14,4376.458333333333
2015-08-15,4017.1666666666665
2015-08-16,3830.5625
2015-08-17,4386.458333333333
2015-08-18,4584.708333333333
2015-08-19,4576.083333333333
2015-08-20,4674.541666666667
2015-08-21,4634.416666666667
2015-08-22,4227.416666666667
2015-08-23,4017.5
2015-08-24,4717.770833333333
2015-08-25,4935.625
2015-08-26,4987.6875
2015-08-27,5025.270833333333
2015-08-28,4977.583333333333
2015-08-29,4562.833333333333
2015-08-30,4283.1875
2015-08-31,5041.625
2015-09-01,5136.0
2015-09-02,5179.375
2015-09-03,5326.645833333333
2015-09-04,5375.5625
2015-09-05,4748.4375
2015-09-06,4479.979166666667
2015-09-07,5295.395833333333
2015-09-08,5408.895833333333
2015-09-09,5405.291666666667
2015-09-10,5401.229166666667
2015-09-11,5358.145833333333
2015-09-12,4762.6875
2015-09-13,4577.145833333333
2015-09-14,5291.791666666667
2015-09-15,5512.229166666667
2015-09-16,5612.645833333333
2015-09-17,5608.5
2015-09-18,5591.583333333333
2015-09-19,4963.083333333333
2015-09-20,4591.125
2015-09-21,5323.3125
2015-09-22,5548.708333333333
2015-09-23,5622.75
2015-09-24,5664.645833333333
2015-09-25,5593.895833333333
2015-09-26,5006.020833333333
2015-09-27,4710.666666666667
2015-09-28,5395.5
2015-09-29,5615.875
2015-09-30,5671.333333333333
2015-10-01,5712.8125
2015-10-02,5679.395833333333
2015-10-03,5062.833333333333
2015-10-04,4783.520833333333
2015-10-05,5510.0625
2015-10-06,5533.979166666667
2015-10-07,5578.854166666667
2015-10-08,5591.604166666667
2015-10-09,5748.958333333333
2015-10-10,5258.541666666667
2015-10-11,5013.541666666667
2015-10-12,5892.020833333333
2015-10-13,6207.479166666667
2015-10-14,6498.8125
2015-10-15,6619.4375
2015-10-16,6666.9375
2015-10-17,5801.916666666667
2015-10-18,5409.020833333333
2015-10-19,6211.208333333333
2015-10-20,6223.270833333333
2015-10-21,6357.0625
2015-10-22,6155.104166666667
2015-10-23,6155.291666666667
2015-10-24,5517.604166666667
2015-10-25,5206.416666666667
2015-10-26,5932.729166666667
2015-10-27,6053.916666666667
2015-10-28,5992.770833333333
2015-10-29,6190.895833333333
2015-10-30,6168.125
2015-10-31,5580.229166666667
2015-11-01,5293.541666666667
2015-11-02,6337.833333333333
2015-11-03,6434.0625
2015-11-04,6284.666666666667
2015-11-05,6214.0
2015-11-06,6058.8125
2015-11-07,5297.625
2015-11-08,5030.4375
2015-11-09,5737.4375
2015-11-10,5986.645833333333
2015-11-11,5511.1875
2015-11-12,6033.416666666667
2015-11-13,6176.916666666667
2015-11-14,5930.104166666667
2015-11-15,5422.270833333333
2015-11-16,6144.041666666667
2015-11-17,6158.354166666667
2015-11-18,6177.75
2015-11-19,6294.416666666667
2015-11-20,6472.333333333333
2015-11-21,6320.4375
2015-11-22,6230.708333333333
2015-11-23,7080.6875
2015-11-24,7389.145833333333
2015-11-25,6979.270833333333
2015-11-26,6978.791666666667
2015-11-27,7150.104166666667
2015-11-28,6490.666666666667
2015-11-29,6058.5625
2015-11-30,6583.75
2015-12-01,6493.104166666667
2015-12-02,6493.9375
2015-12-03,6701.25
2015-12-04,6703.479166666667
2015-12-05,6380.1875
2015-12-06,5914.1875
2015-12-07,6432.208333333333
2015-12-08,6701.125
2015-12-09,6834.291666666667
2015-12-10,7266.479166666667
2015-12-11,7212.854166666667
2015-12-12,6254.666666666667
2015-12-13,5957.1875
2015-12-14,6863.291666666667
2015-12-15,6913.270833333333
2015-12-16,6604.645833333333
2015-12-17,6320.729166666667
2015-12-18,6201.041666666667
2015-12-19,5626.854166666667
2015-12-20,5413.25
2015-12-21,6108.854166666667
2015-12-22,6078.979166666667
2015-12-23,5883.229166666667
2015-12-24,5575.520833333333
2015-12-25,4976.5
2015-12-26,5142.6875
2015-12-27,5217.166666666667
2015-12-28,5792.75
2015-12-29,5828.354166666667
2015-12-30,5980.229166666667
2015-12-31,5727.229166666667
2016-01-01,5481.0625
2016-01-02,5777.6875
2016-01-03,5841.979166666667
2016-01-04,6610.6875
2016-01-05,6914.1875
2016-01-06,6877.833333333333
2016-01-07,7128.5625
2016-01-08,7143.3125
2016-01-09,6443.916666666667
2016-01-10,6167.25
2016-01-11,7066.666666666667
2016-01-12,7264.354166666667
2016-01-13,7327.020833333333
2016-01-14,7600.4375
2016-01-15,7813.791666666667
2016-01-16,7077.895833333333
2016-01-17,6756.479166666667
2016-01-18,7887.291666666667
2016-01-19,8220.0625
2016-01-20,8357.020833333334
2016-01-21,8179.708333333333
2016-01-22,8175.270833333333
2016-01-23,6901.270833333333
2016-01-24,6401.416666666667
2016-01-25,6781.4375
2016-01-26,6792.8125
2016-01-27,6878.083333333333
2016-01-28,6864.645833333333
2016-01-29,7258.75
2016-01-30,6565.875
2016-01-31,6214.604166666667
2016-02-01,6790.791666666667
2016-02-02,6871.333333333333
2016-02-03,7179.916666666667
2016-02-04,7284.875
2016-02-05,6875.354166666667
2016-02-06,6201.666666666667
2016-02-07,5922.4375
2016-02-08,6869.270833333333
2016-02-09,7077.583333333333
2016-02-10,7301.791666666667
2016-02-11,7222.458333333333
2016-02-12,7271.333333333333
2016-02-13,6741.0625
2016-02-14,6320.625
2016-02-15,7228.5
2016-02-16,7404.395833333333
2016-02-17,7626.916666666667
2016-02-18,7732.5625
2016-02-19,7414.375
2016-02-20,6662.583333333333
2016-02-21,6066.8125
2016-02-22,6745.208333333333
2016-02-23,6969.833333333333
2016-02-24,7258.729166666667
2016-02-25,7248.6875
2016-02-26,7269.104166666667
2016-02-27,6748.854166666667
2016-02-28,6594.5625
2016-02-29,7280.5625
2016-03-01,7489.645833333333
2016-03-02,7217.770833333333
2016-03-03,7323.0
2016-03-04,7070.875
2016-03-05,6509.583333333333
2016-03-06,6278.1875
2016-03-07,7126.354166666667
2016-03-08,7122.395833333333
2016-03-09,7220.875
2016-03-10,7020.5625
2016-03-11,6907.9375
2016-03-12,6227.083333333333
2016-03-13,5964.291666666667
2016-03-14,6727.833333333333
2016-03-15,6799.5625
2016-03-16,6867.708333333333
2016-03-17,6800.208333333333
2016-03-18,6890.1875
2016-03-19,6311.541666666667
2016-03-20,6008.958333333333
2016-03-21,6594.104166666667
2016-03-22,6410.375
2016-03-23,6528.895833333333
2016-03-24,6488.770833333333
2016-03-25,6465.583333333333
2016-03-26,5890.604166666667
2016-03-27,5456.083333333333
2016-03-28,5646.166666666667
2016-03-29,6414.25
2016-03-30,6373.729166666667
2016-03-31,6329.916666666667
2016-04-01,6444.583333333333
2016-04-02,5842.625
2016-04-03,5036.916666666667
2016-04-04,5600.6875
2016-04-05,5711.770833333333
2016-04-06,6156.3125
2016-04-07,6180.520833333333
2016-04-08,6155.5
2016-04-09,5573.770833333333
2016-04-10,5206.645833333333
2016-04-11,5690.333333333333
2016-04-12,5753.041666666667
2016-04-13,5861.5
2016-04-14,5816.8125
2016-04-15,5734.8125
2016-04-16,5278.895833333333
2016-04-17,5211.458333333333
2016-04-18,5917.854166666667
2016-04-19,5883.395833333333
2016-04-20,5906.708333333333
2016-04-21,5812.416666666667
2016-04-22,5696.645833333333
2016-04-23,5359.770833333333
2016-04-24,5398.104166666667
2016-04-25,6305.958333333333
2016-04-26,6425.6875
2016-04-27,6540.979166666667
2016-04-28,6363.6875
2016-04-29,6434.854166666667
2016-04-30,5596.0
2016-05-01,4959.916666666667
2016-05-02,5646.333333333333
2016-05-03,5575.5
2016-05-04,5571.145833333333
2016-05-05,4825.166666666667
2016-05-06,4877.458333333333
2016-05-07,4569.6875
2016-05-08,4270.895833333333
2016-05-09,5030.541666666667
2016-05-10,5280.375
2016-05-11,5340.166666666667
2016-05-12,5349.5625
2016-05-13,5343.729166666667
2016-05-14,4825.3125
2016-05-15,4635.625
2016-05-16,4765.375
2016-05-17,5301.041666666667
2016-05-18,5338.645833333333
2016-05-19,5357.354166666667
2016-05-20,5391.854166666667
2016-05-21,4781.0
2016-05-22,4532.9375
2016-05-23,5288.666666666667
2016-05-24,5441.645833333333
2016-05-25,5446.0
2016-05-26,5263.375
2016-05-27,5195.083333333333
2016-05-28,4639.854166666667
2016-05-29,4348.145833333333
2016-05-30,5394.833333333333
2016-05-31,5633.270833333333
2016-06-01,5562.104166666667
2016-06-02,5740.125
2016-06-03,5685.145833333333
2016-06-04,5092.229166666667
2016-06-05,4664.208333333333
2016-06-06,5217.75
2016-06-07,5299.5
2016-06-08,5341.041666666667
2016-06-09,5351.041666666667
2016-06-10,5227.25
2016-06-11,4716.416666666667
2016-06-12,4445.1875
2016-06-13,5151.1875
2016-06-14,5257.541666666667
2016-06-15,5344.208333333333
2016-06-16,5387.083333333333
2016-06-17,5391.416666666667
2016-06-18,4777.375
2016-06-19,4428.875
2016-06-20,5232.041666666667
2016-06-21,5279.333333333333
2016-06-22,5243.979166666667
2016-06-23,5250.979166666667
2016-06-24,5178.666666666667
2016-06-25,4626.125
2016-06-26,4364.0625
2016-06-27,5057.041666666667
2016-06-28,5106.145833333333
2016-06-29,5204.229166666667
2016-06-30,5277.520833333333
2016-07-01,5223.541666666667
2016-07-02,4613.020833333333
2016-07-03,4308.6875
2016-07-04,4989.729166666667
2016-07-05,5093.645833333333
2016-07-06,5140.916666666667
2016-07-07,5204.916666666667
2016-07-08,5145.0625
2016-07-09,4606.770833333333
2016-07-10,4287.895833333333
2016-07-11,5005.083333333333
2016-07-12,5125.854166666667
2016-07-13,5212.958333333333
2016-07-14,4503.229166666667
2016-07-15,4750.208333333333
2016-07-16,4507.416666666667
2016-07-17,4263.6875
2016-07-18,4991.3125
2016-07-19,5178.270833333333
2016-07-20,5271.354166666667
2016-07-21,5229.708333333333
2016-07-22,5106.25
2016-07-23,4541.0625
2016-07-24,4200.25
2016-07-25,4879.833333333333
2016-07-26,4914.979166666667
2016-07-27,5001.020833333333
2016-07-28,5016.854166666667
2016-07-29,4837.208333333333
2016-07-30,4239.354166666667
2016-07-31,3973.4791666666665
2016-08-01,4418.3125
2016-08-02,4575.520833333333
2016-08-03,4587.25
2016-08-04,4541.541666666667
2016-08-05,4455.4375
2016-08-06,4056.5833333333335
2016-08-07,3875.7708333333335
2016-08-08,4297.833333333333
2016-08-09,4369.8125
2016-08-10,4349.375
2016-08-11,4483.479166666667
2016-08-12,4469.479166666667
2016-08-13,4153.875
2016-08-14,3874.0625
2016-08-15,3930.2916666666665
2016-08-16,4424.833333333333
2016-08-17,4550.270833333333
2016-08-18,4613.375
2016-08-19,4650.354166666667
2016-08-20,4254.520833333333
2016-08-21,4036.0625
2016-08-22,4704.5625
2016-08-23,4910.4375
2016-08-24,4994.791666666667
2016-08-25,4992.583333333333
2016-08-26,4977.75
2016-08-27,4530.104166666667
2016-08-28,4166.375
2016-08-29,4883.104166666667
2016-08-30,5028.958333333333
2016-08-31,5137.0625
2016-09-01,5248.395833333333
2016-09-02,5241.270833333333
2016-09-03,4632.4375
2016-09-04,4400.729166666667
2016-09-05,5106.5625
2016-09-06,5275.416666666667
2016-09-07,5317.645833333333
2016-09-08,5359.895833333333
2016-09-09,5279.0625
2016-09-10,4715.333333333333
2016-09-11,4408.708333333333
2016-09-12,5121.916666666667
2016-09-13,5288.4375
2016-09-14,5333.25
2016-09-15,5258.333333333333
2016-09-16,5263.520833333333
2016-09-17,4671.020833333333
2016-09-18,4373.729166666667
2016-09-19,5125.729166666667
2016-09-20,5240.520833333333
2016-09-21,5219.145833333333
2016-09-22,5287.0
2016-09-23,5193.145833333333
2016-09-24,4634.291666666667
2016-09-25,4349.6875
2016-09-26,5174.6875
2016-09-27,5282.6875
2016-09-28,5275.1875
2016-09-29,5378.916666666667
2016-09-30,5294.104166666667
2016-10-01,4785.854166666667
2016-10-02,4577.041666666667
2016-10-03,5320.645833333333
2016-10-04,5524.041666666667
2016-10-05,5643.791666666667
2016-10-06,5825.333333333333
2016-10-07,5830.1875
2016-10-08,5200.729166666667
2016-10-09,4994.520833333333
2016-10-10,5878.208333333333
2016-10-11,5989.479166666667
2016-10-12,6249.958333333333
2016-10-13,6245.625
2016-10-14,6137.25
2016-10-15,5257.145833333333
2016-10-16,4847.0
2016-10-17,5618.020833333333
2016-10-18,5967.6875
2016-10-19,6132.541666666667
2016-10-20,6101.5625
2016-10-21,6106.520833333333
2016-10-22,5601.729166666667
2016-10-23,5388.229166666667
2016-10-24,6155.333333333333
2016-10-25,6173.333333333333
2016-10-26,6324.5
2016-10-27,6244.895833333333
2016-10-28,6100.958333333333
2016-10-29,5348.979166666667
2016-10-30,5159.645833333333
2016-10-31,5489.708333333333
2016-11-01,5388.708333333333
2016-11-02,6169.625
2016-11-03,6609.0625
2016-11-04,6672.854166666667
2016-11-05,5998.479166666667
2016-11-06,5914.270833333333
2016-11-07,6893.145833333333
2016-11-08,7009.229166666667
2016-11-09,7142.854166666667
2016-11-10,6947.5
2016-11-11,6297.458333333333
2016-11-12,6703.541666666667
2016-11-13,6171.291666666667
2016-11-14,6830.354166666667
2016-11-15,6714.979166666667
2016-11-16,6510.0
2016-11-17,6658.3125
2016-11-18,6869.458333333333
2016-11-19,6460.708333333333
2016-11-20,5941.083333333333
2016-11-21,6425.104166666667
2016-11-22,6604.0625
2016-11-23,6636.354166666667
2016-11-24,6698.083333333333
2016-11-25,6866.041666666667
2016-11-26,6340.8125
2016-11-27,6138.791666666667
2016-11-28,7160.270833333333
2016-11-29,7731.520833333333
2016-11-30,7896.5
2016-12-01,7823.458333333333
2016-12-02,7475.083333333333
2016-12-03,6886.645833333333
2016-12-04,6948.875
2016-12-05,7703.25
2016-12-06,7653.208333333333
2016-12-07,7549.166666666667
2016-12-08,7446.166666666667
2016-12-09,7108.8125
2016-12-10,6534.6875
2016-12-11,6083.291666666667
2016-12-12,7025.020833333333
2016-12-13,7072.583333333333
2016-12-14,7000.0
2016-12-15,7162.875
2016-12-16,7060.4375
2016-12-17,6698.958333333333
2016-12-18,6247.208333333333
2016-12-19,6878.395833333333
2016-12-20,7158.75
2016-12-21,7344.208333333333
2016-12-22,6893.958333333333
2016-12-23,6780.6875
2016-12-24,5901.375
2016-12-25,5320.75
2016-12-26,5763.604166666667
2016-12-27,6474.375
2016-12-28,6790.5625
2016-12-29,7138.083333333333
2016-12-30,7351.125
2016-12-31,7137.625
2017-01-01,6911.3125
2017-01-02,7270.0
2017-01-03,7838.5
2017-01-04,7754.729166666667
2017-01-05,7765.375
2017-01-06,8089.5625
2017-01-07,7618.375
2017-01-08,6758.041666666667
2017-01-09,7382.104166666667
2017-01-10,7378.979166666667
2017-01-11,7327.666666666667
2017-01-12,7432.354166666667
2017-01-13,7720.6875
2017-01-14,7214.041666666667
2017-01-15,7016.458333333333
2017-01-16,7765.333333333333
2017-01-17,8175.520833333333
2017-01-18,8361.3125
2017-01-19,8357.354166666666
2017-01-20,8252.0625
2017-01-21,7816.625
2017-01-22,7561.666666666667
2017-01-23,8223.583333333334
2017-01-24,8192.25
2017-01-25,8250.583333333334
2017-01-26,8388.604166666666
2017-01-27,8189.791666666667
2017-01-28,7080.333333333333
2017-01-29,6777.479166666667
2017-01-30,7240.6875
2017-01-31,7230.104166666667
2017-02-01,7182.020833333333
2017-02-02,6998.916666666667
2017-02-03,6829.041666666667
2017-02-04,6540.416666666667
2017-02-05,6352.5625
2017-02-06,7075.25
2017-02-07,7212.229166666667
2017-02-08,7337.75
2017-02-09,7604.3125
2017-02-10,7819.958333333333
2017-02-11,7339.8125
2017-02-12,6818.729166666667
2017-02-13,7285.125
2017-02-14,7142.3125
2017-02-15,6789.9375
2017-02-16,6845.020833333333
2017-02-17,6794.083333333333
2017-02-18,6314.833333333333
2017-02-19,6055.083333333333
2017-02-20,6639.833333333333
2017-02-21,6661.916666666667
2017-02-22,6745.770833333333
2017-02-23,6794.708333333333
2017-02-24,6840.4375
2017-02-25,6464.145833333333
2017-02-26,5936.916666666667
2017-02-27,6741.541666666667
2017-02-28,7123.104166666667
2017-03-01,7050.083333333333
2017-03-02,6852.479166666667
2017-03-03,6772.958333333333
2017-03-04,6057.625
2017-03-05,6086.479166666667
2017-03-06,6712.625
2017-03-07,6737.375
2017-03-08,6903.916666666667
2017-03-09,6477.645833333333
2017-03-10,6380.645833333333
2017-03-11,5738.708333333333
2017-03-12,5391.583333333333
2017-03-13,6157.0625
2017-03-14,6385.020833333333
2017-03-15,6073.5
2017-03-16,6019.5
2017-03-17,6103.958333333333
2017-03-18,5846.625
2017-03-19,5472.604166666667
2017-03-20,6141.0
2017-03-21,6259.020833333333
2017-03-22,6448.770833333333
2017-03-23,6367.6875
2017-03-24,6208.5
2017-03-25,5626.916666666667
2017-03-26,5217.708333333333
2017-03-27,5753.4375
2017-03-28,5808.354166666667
2017-03-29,5849.354166666667
2017-03-30,5712.3125
2017-03-31,5582.854166666667
2017-04-01,5093.166666666667
2017-04-02,4838.833333333333
2017-04-03,5580.520833333333
2017-04-04,5675.979166666667
2017-04-05,5775.708333333333
2017-04-06,5970.708333333333
2017-04-07,5897.479166666667
2017-04-08,5176.520833333333
2017-04-09,4756.0625
2017-04-10,5371.416666666667
2017-04-11,5611.458333333333
2017-04-12,5603.916666666667
2017-04-13,5587.208333333333
2017-04-14,5732.291666666667
2017-04-15,5260.6875
2017-04-16,4930.9375
2017-04-17,5048.791666666667
2017-04-18,5981.1875
2017-04-19,6171.979166666667
2017-04-20,6152.625
2017-04-21,6056.3125
2017-04-22,5373.229166666667
2017-04-23,5177.708333333333
2017-04-24,5875.083333333333
2017-04-25,5909.5
2017-04-26,6164.75
2017-04-27,6240.770833333333
2017-04-28,6125.375
2017-04-29,5406.125
2017-04-30,4962.0
2017-05-01,4886.645833333333
2017-05-02,5702.6875
2017-05-03,5976.9375
2017-05-04,5926.9375
2017-05-05,5900.6875
2017-05-06,5273.666666666667
2017-05-07,5028.625
2017-05-08,5249.583333333333
2017-05-09,5788.395833333333
2017-05-10,5676.395833333333
2017-05-11,5571.0625
2017-05-12,5495.020833333333
2017-05-13,4851.291666666667
2017-05-14,4600.833333333333
2017-05-15,5312.020833333333
2017-05-16,5324.1875
2017-05-17,5262.9375
2017-05-18,5365.125
2017-05-19,5380.3125
2017-05-20,4801.5625
2017-05-21,4475.166666666667
2017-05-22,5127.958333333333
2017-05-23,5213.75
2017-05-24,5216.375
2017-05-25,4638.354166666667
2017-05-26,4835.0
2017-05-27,4583.645833333333
2017-05-28,4317.4375
2017-05-29,5141.541666666667
2017-05-30,5208.895833333333
2017-05-31,5277.479166666667
2017-06-01,5333.770833333333
2017-06-02,5263.145833333333
2017-06-03,4667.083333333333
2017-06-04,4278.541666666667
2017-06-05,4405.354166666667
2017-06-06,5183.3125
2017-06-07,5292.145833333333
2017-06-08,5256.666666666667
2017-06-09,5302.666666666667
2017-06-10,4693.145833333333
2017-06-11,4406.895833333333
2017-06-12,5091.375
2017-06-13,5203.979166666667
2017-06-14,5224.0625
2017-06-15,5339.666666666667
2017-06-16,5286.5625
2017-06-17,4725.291666666667
2017-06-18,4394.9375
2017-06-19,5171.229166666667
2017-06-20,5329.4375
2017-06-21,5379.854166666667
2017-06-22,5458.625
2017-06-23,5308.8125
2017-06-24,4674.770833333333
2017-06-25,4344.3125
2017-06-26,5084.520833333333
2017-06-27,5175.604166666667
2017-06-28,5254.854166666667
2017-06-29,5217.875
2017-06-30,5217.854166666667
2017-07-01,4672.333333333333
2017-07-02,4338.625
2017-07-03,5068.5625
2017-07-04,5273.5
2017-07-05,5311.041666666667
2017-07-06,5348.604166666667
2017-07-07,5346.520833333333
2017-07-08,4711.979166666667
2017-07-09,4322.291666666667
2017-07-10,5063.583333333333
2017-07-11,5105.5625
2017-07-12,5235.083333333333
2017-07-13,5110.1875
2017-07-14,4448.770833333333
2017-07-15,4325.583333333333
2017-07-16,4176.25
2017-07-17,4956.6875
2017-07-18,5156.0
2017-07-19,5260.6875
2017-07-20,5191.854166666667
2017-07-21,5071.041666666667
2017-07-22,4513.020833333333
2017-07-23,4198.479166666667
2017-07-24,4866.3125
2017-07-25,4947.083333333333
2017-07-26,5057.0625
2017-07-27,5005.895833333333
2017-07-28,4795.229166666667
2017-07-29,4292.791666666667
2017-07-30,4017.4166666666665
2017-07-31,4449.770833333333
2017-08-01,4578.125
2017-08-02,4628.229166666667
2017-08-03,4615.354166666667
2017-08-04,4480.625
2017-08-05,4120.833333333333
2017-08-06,3901.625
2017-08-07,4335.083333333333
2017-08-08,4454.791666666667
2017-08-09,4410.416666666667
2017-08-10,4481.291666666667
2017-08-11,4445.041666666667
2017-08-12,4157.229166666667
2017-08-13,3921.75
2017-08-14,4227.75
2017-08-15,4093.0416666666665
2017-08-16,4407.0
2017-08-17,4482.333333333333
2017-08-18,4505.5
2017-08-19,4211.979166666667
2017-08-20,3999.5416666666665
2017-08-21,4658.75
2017-08-22,4831.0
2017-08-23,4877.083333333333
2017-08-24,4944.854166666667
2017-08-25,4958.041666666667
2017-08-26,4554.625
2017-08-27,4252.854166666667
2017-08-28,5021.104166666667
2017-08-29,5288.708333333333
2017-08-30,5368.9375
2017-08-31,5235.25
2017-09-01,5212.625
2017-09-02,4685.5
2017-09-03,4392.604166666667
2017-09-04,5167.270833333333
2017-09-05,5331.229166666667
2017-09-06,5386.166666666667
2017-09-07,5392.479166666667
2017-09-08,5456.4375
2017-09-09,4732.270833333333
2017-09-10,4484.208333333333
2017-09-11,5325.729166666667
2017-09-12,5333.458333333333
2017-09-13,5556.8125
2017-09-14,5601.208333333333
2017-09-15,5510.375
2017-09-16,4964.375
2017-09-17,4749.479166666667
2017-09-18,5559.833333333333
2017-09-19,5685.645833333333
2017-09-20,5736.6875
2017-09-21,5544.520833333333
2017-09-22,5585.979166666667
2017-09-23,4957.0625
2017-09-24,4632.333333333333
2017-09-25,5315.5625
2017-09-26,5492.0
2017-09-27,5529.583333333333
2017-09-28,5536.083333333333
2017-09-29,5479.854166666667
2017-09-30,4880.333333333333
2017-10-01,4689.020833333333
2017-10-02,5442.458333333333
2017-10-03,5451.5625
2017-10-04,5653.604166666667
2017-10-05,5732.708333333333
2017-10-06,5729.791666666667
2017-10-07,5350.0
2017-10-08,4901.625
2017-10-09,5627.645833333333
2017-10-10,5623.020833333333
2017-10-11,5760.8125
2017-10-12,5700.270833333333
2017-10-13,5595.1875
2017-10-14,4975.520833333333
2017-10-15,4699.895833333333
2017-10-16,5393.333333333333
2017-10-17,5508.125
2017-10-18,5612.5
2017-10-19,5608.125
2017-10-20,5722.770833333333
2017-10-21,5167.104166666667
2017-10-22,5066.375
2017-10-23,5858.020833333333
2017-10-24,5801.604166666667
2017-10-25,5751.916666666667
2017-10-26,5783.6875
2017-10-27,5720.770833333333
2017-10-28,5434.6875
2017-10-29,5131.6875
2017-10-30,5951.791666666667
2017-10-31,6238.875
2017-11-01,5682.625
2017-11-02,6194.395833333333
2017-11-03,6200.395833333333
2017-11-04,5649.020833333333
2017-11-05,5496.854166666667
2017-11-06,6487.854166666667
2017-11-07,6868.8125
2017-11-08,7079.333333333333
2017-11-09,6821.0625
2017-11-10,6622.520833333333
2017-11-11,5864.520833333333
2017-11-12,5779.770833333333
2017-11-13,6774.291666666667
2017-11-14,7043.041666666667
2017-11-15,6840.520833333333
2017-11-16,6762.0625
2017-11-17,6734.958333333333
2017-11-18,6490.5625
2017-11-19,6082.9375
2017-11-20,7159.583333333333
2017-11-21,6847.5
2017-11-22,6664.375
2017-11-23,6647.875
2017-11-24,6646.3125
2017-11-25,6396.208333333333
2017-11-26,6403.625
2017-11-27,7228.25
2017-11-28,7198.666666666667
2017-11-29,7463.979166666667
2017-11-30,7615.395833333333
2017-12-01,7559.104166666667
2017-12-02,7284.333333333333
2017-12-03,7112.4375
2017-12-04,7372.3125
2017-12-05,7407.479166666667
2017-12-06,7270.9375
2017-12-07,7662.375
2017-12-08,7622.291666666667
2017-12-09,7218.833333333333
2017-12-10,6905.6875
2017-12-11,7521.291666666667
2017-12-12,7682.770833333333
2017-12-13,7751.270833333333
2017-12-14,7800.833333333333
2017-12-15,7729.5
2017-12-16,6986.125
2017-12-17,6867.229166666667
2017-12-18,7342.375
2017-12-19,7503.6875
2017-12-20,7317.708333333333
2017-12-21,7381.8125
2017-12-22,6941.354166666667
2017-12-23,6269.541666666667
2017-12-24,6147.145833333333
2017-12-25,6049.229166666667
2017-12-26,6796.125
2017-12-27,7008.6875
2017-12-28,7123.916666666667
2017-12-29,7510.020833333333
2017-12-30,6730.0625
2017-12-31,6130.229166666667
2018-01-01,5998.229166666667
2018-01-02,6945.291666666667
2018-01-03,7228.229166666667
2018-01-04,7332.791666666667
2018-01-05,7225.708333333333
2018-01-06,6878.1875
2018-01-07,7007.333333333333
2018-01-08,7766.25
2018-01-09,7805.833333333333
2018-01-10,7542.125
2018-01-11,7602.416666666667
2018-01-12,7558.833333333333
2018-01-13,7224.958333333333
2018-01-14,7060.0625
2018-01-15,8011.708333333333
2018-01-16,7793.0625
2018-01-17,8063.729166666667
2018-01-18,7857.208333333333
2018-01-19,7790.6875
2018-01-20,7355.3125
2018-01-21,7122.729166666667
2018-01-22,7480.458333333333
2018-01-23,7462.75
2018-01-24,7327.229166666667
2018-01-25,7284.291666666667
2018-01-26,7475.8125
2018-01-27,7127.791666666667
2018-01-28,6696.75
2018-01-29,7193.708333333333
2018-01-30,7316.5625
2018-01-31,7603.8125
2018-02-01,7828.583333333333
2018-02-02,7840.0
2018-02-03,7243.25
2018-02-04,7235.375
2018-02-05,8129.5
2018-02-06,8066.395833333333
2018-02-07,7903.6875
2018-02-08,7901.020833333333
2018-02-09,8073.979166666667
2018-02-10,7078.0625
2018-02-11,6670.770833333333
2018-02-12,7353.395833333333
2018-02-13,7648.541666666667
2018-02-14,7658.625
2018-02-15,7263.625
2018-02-16,7085.6875
2018-02-17,6474.0625
2018-02-18,6362.0
2018-02-19,7323.145833333333
2018-02-20,7255.145833333333
2018-02-21,7381.354166666667
2018-02-22,7668.6875
2018-02-23,7772.583333333333
2018-02-24,7168.583333333333
2018-02-25,6981.5
2018-02-26,8023.833333333333
2018-02-27,8251.854166666666
2018-02-28,8460.604166666666
2018-03-01,8494.1875
2018-03-02,7978.083333333333
2018-03-03,6925.395833333333
2018-03-04,6416.645833333333
2018-03-05,6815.958333333333
2018-03-06,6597.458333333333
2018-03-07,6877.4375
2018-03-08,7047.5625
2018-03-09,6847.6875
2018-03-10,5852.666666666667
2018-03-11,5287.145833333333
2018-03-12,6209.666666666667
2018-03-13,6515.583333333333
2018-03-14,6425.5
2018-03-15,6375.104166666667
2018-03-16,6227.5625
2018-03-17,6407.8125
2018-03-18,6690.5625
2018-03-19,7433.3125
2018-03-20,7418.291666666667
2018-03-21,7213.479166666667
2018-03-22,7117.875
2018-03-23,7014.5625
2018-03-24,5969.666666666667
2018-03-25,5623.541666666667
2018-03-26,6232.5625
2018-03-27,6589.604166666667
2018-03-28,6673.166666666667
2018-03-29,6657.8125
2018-03-30,6649.729166666667
2018-03-31,5961.8125
2018-04-01,5636.25
2018-04-02,5532.333333333333
2018-04-03,5930.208333333333
2018-04-04,6083.270833333333
2018-04-05,6289.9375
2018-04-06,6163.208333333333
2018-04-07,5171.625
2018-04-08,4678.958333333333
2018-04-09,5475.854166666667
2018-04-10,5536.854166666667
2018-04-11,5460.333333333333
2018-04-12,5706.604166666667
2018-04-13,5617.1875
2018-04-14,5122.729166666667
2018-04-15,4789.729166666667
2018-04-16,5475.854166666667
2018-04-17,5480.166666666667
2018-04-18,5334.604166666667
2018-04-19,5217.833333333333
2018-04-20,5216.666666666667
2018-04-21,4638.458333333333
2018-04-22,4281.395833333333
2018-04-23,4931.4375
2018-04-24,5151.375
2018-04-25,5267.25
2018-04-26,5432.5
2018-04-27,5409.395833333333
2018-04-28,4822.854166666667
2018-04-29,4766.666666666667
2018-04-30,5509.0625
2018-05-01,4893.104166666667
2018-05-02,5553.0
2018-05-03,5441.979166666667
2018-05-04,5361.333333333333
2018-05-05,4718.1875
2018-05-06,4270.0625
2018-05-07,4783.666666666667
2018-05-08,4485.4375
2018-05-09,4773.083333333333
2018-05-10,4488.020833333333
2018-05-11,4816.104166666667
2018-05-12,4526.8125
2018-05-13,4352.729166666667
2018-05-14,5257.916666666667
2018-05-15,5360.833333333333
2018-05-16,5312.708333333333
2018-05-17,5368.354166666667
2018-05-18,5321.854166666667
2018-05-19,4812.854166666667
2018-05-20,4468.041666666667
2018-05-21,4515.145833333333
2018-05-22,5036.520833333333
2018-05-23,5195.125
2018-05-24,5271.541666666667
2018-05-25,5263.895833333333
2018-05-26,4647.958333333333
2018-05-27,4332.145833333333
2018-05-28,5061.958333333333
2018-05-29,5133.458333333333
2018-05-30,5238.6875
2018-05-31,5247.854166666667
2018-06-01,5198.666666666667
2018-06-02,4654.104166666667
2018-06-03,4328.5
2018-06-04,5005.041666666667
2018-06-05,5118.145833333333
2018-06-06,5163.729166666667
2018-06-07,5174.416666666667
2018-06-08,5178.854166666667
2018-06-09,4646.395833333333
2018-06-10,4328.479166666667
2018-06-11,4995.229166666667
2018-06-12,5070.645833333333
2018-06-13,5055.208333333333
2018-06-14,5202.729166666667
2018-06-15,5177.041666666667
2018-06-16,4559.0625
2018-06-17,4283.041666666667
2018-06-18,4978.25
2018-06-19,5135.291666666667
2018-06-20,5236.416666666667
2018-06-21,5118.875
2018-06-22,5012.0
2018-06-23,4453.5
2018-06-24,4191.208333333333
2018-06-25,4915.645833333333
2018-06-26,5040.125
2018-06-27,5055.375
2018-06-28,5105.270833333333
2018-06-29,5109.708333333333
2018-06-30,4591.354166666667
2018-07-01,4324.583333333333
2018-07-02,5029.229166666667
2018-07-03,5189.0625
2018-07-04,5243.333333333333
2018-07-05,5251.125
2018-07-06,5219.645833333333
2018-07-07,4647.395833333333
2018-07-08,4338.958333333333
2018-07-09,5026.25
2018-07-10,5110.583333333333
2018-07-11,5121.604166666667
2018-07-12,5169.354166666667
2018-07-13,5104.5625
2018-07-14,4431.6875
2018-07-15,4175.5625
2018-07-16,4909.895833333333
2018-07-17,5035.458333333333
2018-07-18,5118.9375
2018-07-19,5163.0625
2018-07-20,5113.25
2018-07-21,4534.354166666667
2018-07-22,4267.1875
2018-07-23,4951.895833333333
2018-07-24,5054.729166666667
2018-07-25,5153.6875
2018-07-26,5207.5625
2018-07-27,5078.25
2018-07-28,4303.395833333333
2018-07-29,4077.1875
2018-07-30,4630.166666666667
2018-07-31,4729.125
2018-08-01,4658.520833333333
2018-08-02,4692.645833333333
2018-08-03,4696.666666666667
2018-08-04,4269.145833333333
2018-08-05,4018.875
2018-08-06,4478.916666666667
2018-08-07,4572.458333333333
2018-08-08,4447.604166666667
2018-08-09,4444.875
2018-08-10,4371.9375
2018-08-11,4037.0833333333335
2018-08-12,3882.9166666666665
2018-08-13,4328.3125
2018-08-14,4378.270833333333
2018-08-15,4101.0625
2018-08-16,4384.479166666667
2018-08-17,4420.083333333333
2018-08-18,4127.083333333333
2018-08-19,3976.7083333333335
2018-08-20,4561.8125
2018-08-21,4753.583333333333
2018-08-22,4828.479166666667
2018-08-23,4881.416666666667
2018-08-24,4818.0
2018-08-25,4348.0625
2018-08-26,4171.0
2018-08-27,4832.6875
2018-08-28,4976.104166666667
2018-08-29,5093.9375
2018-08-30,5098.895833333333
2018-08-31,5078.479166666667
2018-09-01,4550.270833333333
2018-09-02,4293.75
2018-09-03,4924.666666666667
2018-09-04,5011.0
2018-09-05,5165.354166666667
2018-09-06,5175.083333333333
2018-09-07,5141.0625
2018-09-08,4554.0
2018-09-09,4335.5
2018-09-10,5046.145833333333
2018-09-11,5246.354166666667
2018-09-12,5300.333333333333
2018-09-13,5303.8125
2018-09-14,5205.645833333333
2018-09-15,4704.1875
2018-09-16,4428.4375
2018-09-17,5143.3125
2018-09-18,5257.520833333333
2018-09-19,5352.25
2018-09-20,5317.291666666667
2018-09-21,5350.5
2018-09-22,4811.833333333333
2018-09-23,4685.125
2018-09-24,5338.541666666667
2018-09-25,5526.979166666667
2018-09-26,5558.645833333333
2018-09-27,5554.375
2018-09-28,5526.875
2018-09-29,5035.75
2018-09-30,4817.4375
2018-10-01,5524.229166666667
2018-10-02,5764.104166666667
2018-10-03,5656.1875
2018-10-04,5595.270833333333
2018-10-05,5518.291666666667
2018-10-06,4915.395833333333
2018-10-07,4735.75
2018-10-08,5506.604166666667
2018-10-09,5586.6875
2018-10-10,5461.729166666667
2018-10-11,5381.166666666667
2018-10-12,5403.583333333333
2018-10-13,4822.291666666667
2018-10-14,4529.916666666667
2018-10-15,5176.0
2018-10-16,5394.854166666667
2018-10-17,5434.395833333333
2018-10-18,5498.520833333333
2018-10-19,5571.4375
2018-10-20,5162.229166666667
2018-10-21,4972.520833333333
2018-10-22,5688.854166666667
2018-10-23,5959.125
2018-10-24,5829.166666666667
2018-10-25,5754.3125
2018-10-26,5922.291666666667
2018-10-27,5740.25
2018-10-28,5853.916666666667
2018-10-29,6753.3125
2018-10-30,6871.9375
2018-10-31,6590.916666666667
2018-11-01,5738.5625
2018-11-02,6090.458333333333
2018-11-03,6200.354166666667
2018-11-04,5858.6875
2018-11-05,6229.645833333333
2018-11-06,6086.041666666667
2018-11-07,6379.8125
2018-11-08,6442.8125
2018-11-09,6417.104166666667
2018-11-10,5801.520833333333
2018-11-11,5473.833333333333
2018-11-12,6151.354166666667
2018-11-13,6344.3125
2018-11-14,6486.145833333333
2018-11-15,6666.291666666667
2018-11-16,6734.6875
2018-11-17,6316.6875
2018-11-18,6258.708333333333
2018-11-19,7379.479166666667
2018-11-20,7442.0
2018-11-21,7516.083333333333
2018-11-22,7503.541666666667
2018-11-23,7274.708333333333
2018-11-24,6565.5625
2018-11-25,6280.020833333333
2018-11-26,7084.458333333333
2018-11-27,7142.479166666667
2018-11-28,7105.145833333333
2018-11-29,6878.604166666667
2018-11-30,6650.354166666667
2018-12-01,6307.333333333333
2018-12-02,5686.791666666667
2018-12-03,6248.520833333333
2018-12-04,6447.0625
2018-12-05,6651.8125
2018-12-06,6492.6875
2018-12-07,6604.166666666667
2018-12-08,6272.895833333333
2018-12-09,6043.333333333333
2018-12-10,6766.9375
2018-12-11,7077.083333333333
2018-12-12,7368.25
2018-12-13,7722.291666666667
2018-12-14,7915.333333333333
2018-12-15,7492.541666666667
2018-12-16,6947.875
2018-12-17,7114.895833333333
2018-12-18,7143.020833333333
2018-12-19,6861.291666666667
2018-12-20,6857.9375
2018-12-21,6533.145833333333
2018-12-22,5817.8125
2018-12-23,5650.125
2018-12-24,5640.979166666667
2018-12-25,5745.770833333333
2018-12-26,6712.708333333333
2018-12-27,6993.125
2018-12-28,7113.979166666667
2018-12-29,6522.291666666667
2018-12-30,6026.0
2018-12-31,5876.458333333333
2019-01-01,5603.541666666667
2019-01-02,6523.354166666667
2019-01-03,7032.3125
2019-01-04,7239.5
2019-01-05,6777.458333333333
2019-01-06,6489.4375
2019-01-07,7002.291666666667
2019-01-08,7025.375
2019-01-09,7334.9375
2019-01-10,7641.8125
2019-01-11,7440.4375
2019-01-12,6660.854166666667
2019-01-13,6128.875
2019-01-14,6914.729166666667
2019-01-15,7226.25
2019-01-16,7282.104166666667
2019-01-17,7322.020833333333
2019-01-18,7658.541666666667
2019-01-19,7282.416666666667
2019-01-20,6959.604166666667
2019-01-21,7960.791666666667
2019-01-22,8164.770833333333
2019-01-23,7981.25
2019-01-24,8098.979166666667
2019-01-25,7911.270833333333
2019-01-26,6792.416666666667
2019-01-27,6510.75
2019-01-28,7463.208333333333
2019-01-29,7799.6875
2019-01-30,7663.3125
2019-01-31,8151.25
2019-02-01,7693.583333333333
2019-02-02,7140.020833333333
2019-02-03,6759.0625
2019-02-04,7895.875
2019-02-05,7584.208333333333
2019-02-06,7493.291666666667
2019-02-07,7165.041666666667
2019-02-08,7185.916666666667
2019-02-09,6496.729166666667
2019-02-10,6281.333333333333
2019-02-11,7014.4375
2019-02-12,7131.833333333333
2019-02-13,7254.479166666667
2019-02-14,7139.145833333333
2019-02-15,6871.395833333333
2019-02-16,6149.625
2019-02-17,5719.145833333333
2019-02-18,6318.604166666667
2019-02-19,6435.520833333333
2019-02-20,6656.916666666667
2019-02-21,6517.833333333333
2019-02-22,6471.833333333333
2019-02-23,5811.020833333333
2019-02-24,5682.604166666667
2019-02-25,6311.833333333333
2019-02-26,6245.395833333333
2019-02-27,6192.416666666667
2019-02-28,6436.375
2019-03-01,6487.125
2019-03-02,6038.416666666667
2019-03-03,5736.666666666667
2019-03-04,6487.1875
2019-03-05,6668.791666666667
2019-03-06,6616.9375
2019-03-07,6681.604166666667
2019-03-08,6610.833333333333
2019-03-09,6058.395833333333
2019-03-10,5751.270833333333
2019-03-11,6640.729166666667
2019-03-12,6810.145833333333
2019-03-13,6930.25
2019-03-14,6902.041666666667
2019-03-15,6643.666666666667
2019-03-16,5954.625
2019-03-17,5749.333333333333
2019-03-18,6505.104166666667
2019-03-19,6558.583333333333
2019-03-20,6437.9375
2019-03-21,6317.5
2019-03-22,6126.291666666667
2019-03-23,5665.4375
2019-03-24,5377.4375
2019-03-25,6177.25
2019-03-26,6115.145833333333
2019-03-27,6112.291666666667
2019-03-28,6028.791666666667
2019-03-29,5903.875
2019-03-30,5278.4375
2019-03-31,4856.041666666667
2019-04-01,5698.854166666667
2019-04-02,5848.604166666667
2019-04-03,6248.3125
2019-04-04,6442.25
2019-04-05,6153.145833333333
2019-04-06,5489.770833333333
2019-04-07,5278.291666666667
2019-04-08,5842.041666666667
2019-04-09,5950.729166666667
2019-04-10,6028.541666666667
2019-04-11,6123.5625
2019-04-12,6235.041666666667
2019-04-13,5836.6875
2019-04-14,5696.5
2019-04-15,6045.4375
2019-04-16,5824.875
2019-04-17,5732.645833333333
2019-04-18,5473.708333333333
2019-04-19,5312.416666666667
2019-04-20,4799.25
2019-04-21,4413.791666666667
2019-04-22,4465.625
2019-04-23,5088.708333333333
2019-04-24,5161.8125
2019-04-25,5354.583333333333
2019-04-26,5476.666666666667
2019-04-27,5186.354166666667
2019-04-28,5123.479166666667
2019-04-29,5614.583333333333
2019-04-30,5563.5625
2019-05-01,4833.958333333333
2019-05-02,5532.145833333333
2019-05-03,5652.020833333333
2019-05-04,5441.479166666667
2019-05-05,5295.104166666667
2019-05-06,5980.458333333333
2019-05-07,5803.895833333333
2019-05-08,5211.1875
2019-05-09,5608.770833333333
2019-05-10,5630.791666666667
2019-05-11,5036.020833333333
2019-05-12,4869.375
2019-05-13,5443.208333333333
2019-05-14,5396.833333333333
2019-05-15,5388.229166666667
2019-05-16,5357.583333333333
2019-05-17,5453.708333333333
2019-05-18,4929.895833333333
2019-05-19,4688.916666666667
2019-05-20,5286.9375
2019-05-21,5191.375
2019-05-22,5196.354166666667
2019-05-23,5163.020833333333
2019-05-24,5172.583333333333
2019-05-25,4695.291666666667
2019-05-26,4431.5625
2019-05-27,5028.958333333333
2019-05-28,5170.354166666667
2019-05-29,5221.583333333333
2019-05-30,4624.895833333333
2019-05-31,4849.583333333333
2019-06-01,4598.270833333333
2019-06-02,4350.375
2019-06-03,4965.4375
2019-06-04,5098.8125
2019-06-05,5136.666666666667
2019-06-06,5171.583333333333
2019-06-07,5190.958333333333
2019-06-08,4804.25
2019-06-09,4438.875
2019-06-10,4554.104166666667
2019-06-11,5069.229166666667
2019-06-12,5166.5
2019-06-13,5176.354166666667
2019-06-14,5191.416666666667
2019-06-15,4602.770833333333
2019-06-16,4340.395833333333
2019-06-17,4958.770833333333
2019-06-18,5028.645833333333
2019-06-19,5026.645833333333
2019-06-20,5009.916666666667
2019-06-21,4961.625
2019-06-22,4493.458333333333
2019-06-23,4264.604166666667
2019-06-24,4980.229166666667
2019-06-25,5134.625
2019-06-26,5086.375
2019-06-27,5026.583333333333
2019-06-28,5035.416666666667
2019-06-29,4617.9375
2019-06-30,4357.083333333333
2019-07-01,4923.416666666667
2019-07-02,5021.479166666667
2019-07-03,5074.645833333333
2019-07-04,5156.895833333333
2019-07-05,5236.041666666667
2019-07-06,4678.145833333333
2019-07-07,4358.791666666667
2019-07-08,4932.416666666667
2019-07-09,5031.291666666667
2019-07-10,5148.1875
2019-07-11,5106.395833333333
2019-07-12,5088.541666666667
2019-07-13,4530.8125
2019-07-14,4244.145833333333
2019-07-15,4907.083333333333
2019-07-16,5064.916666666667
2019-07-17,5129.9375
2019-07-18,5126.645833333333
2019-07-19,5062.145833333333
2019-07-20,4573.625
2019-07-21,4327.25
2019-07-22,5005.666666666667
2019-07-23,5152.145833333333
2019-07-24,5157.125
2019-07-25,5076.208333333333
2019-07-26,4912.145833333333
2019-07-27,4355.791666666667
2019-07-28,4003.9791666666665
2019-07-29,4574.4375
2019-07-30,4609.6875
2019-07-31,4575.833333333333
2019-08-01,4615.25
2019-08-02,4518.958333333333
2019-08-03,4135.104166666667
2019-08-04,3979.0625
2019-08-05,4351.4375
2019-08-06,4367.041666666667
2019-08-07,4365.8125
2019-08-08,4337.458333333333
2019-08-09,4402.104166666667
2019-08-10,4093.125
2019-08-11,3801.6041666666665
2019-08-12,4195.354166666667
2019-08-13,4267.666666666667
2019-08-14,4325.583333333333
2019-08-15,4031.4375
2019-08-16,4174.708333333333
2019-08-17,4067.5416666666665
2019-08-18,3910.7083333333335
2019-08-19,4368.5625
2019-08-20,4507.5625
2019-08-21,4631.041666666667
2019-08-22,4654.916666666667
2019-08-23,4731.541666666667
2019-08-24,4418.645833333333
2019-08-25,4198.791666666667
2019-08-26,4855.9375
2019-08-27,5016.375
2019-08-28,5020.041666666667
2019-08-29,5003.020833333333
2019-08-30,4996.8125
2019-08-31,4529.708333333333
2019-09-01,4233.541666666667
2019-09-02,4791.270833333333
2019-09-03,4926.354166666667
2019-09-04,5045.020833333333
2019-09-05,5021.8125
2019-09-06,5077.020833333333
2019-09-07,4559.75
2019-09-08,4343.520833333333
2019-09-09,5013.5
2019-09-10,5054.458333333333
2019-09-11,5167.020833333333
2019-09-12,5172.791666666667
2019-09-13,5127.6875
2019-09-14,4613.791666666667
2019-09-15,4371.6875
2019-09-16,4997.104166666667
2019-09-17,5091.4375
2019-09-18,5177.5
2019-09-19,5209.395833333333
2019-09-20,5134.395833333333
2019-09-21,4625.395833333333
2019-09-22,4295.208333333333
2019-09-23,4974.104166666667
2019-09-24,5109.166666666667
2019-09-25,5159.479166666667
2019-09-26,5279.333333333333
2019-09-27,5255.6875
2019-09-28,4749.020833333333
2019-09-29,4578.583333333333
2019-09-30,5178.125
2019-10-01,5347.9375
2019-10-02,5353.604166666667
2019-10-03,5658.5625
2019-10-04,5619.458333333333
2019-10-05,5061.0625
2019-10-06,4829.583333333333
2019-10-07,5386.729166666667
2019-10-08,5463.875
2019-10-09,5592.1875
2019-10-10,5564.5
2019-10-11,5549.5625
2019-10-12,4944.895833333333
2019-10-13,4652.645833333333
2019-10-14,5282.979166666667
2019-10-15,5427.375
2019-10-16,5713.145833333333
2019-10-17,5645.375
2019-10-18,5677.541666666667
2019-10-19,5195.083333333333
2019-10-20,5022.1875
2019-10-21,5686.604166666667
2019-10-22,5759.541666666667
2019-10-23,5714.729166666667
2019-10-24,5560.708333333333
2019-10-25,5644.645833333333
2019-10-26,5114.3125
2019-10-27,4977.625
2019-10-28,5974.708333333333
2019-10-29,6037.958333333333
2019-10-30,6249.166666666667
2019-10-31,6381.25
2019-11-01,5526.791666666667
2019-11-02,5316.645833333333
2019-11-03,5209.229166666667
2019-11-04,5862.6875
2019-11-05,6072.041666666667
2019-11-06,6157.604166666667
2019-11-07,6350.458333333333
2019-11-08,6573.958333333333
2019-11-09,6031.75
2019-11-10,5764.041666666667
2019-11-11,5972.666666666667
2019-11-12,6700.458333333333
2019-11-13,6692.104166666667
2019-11-14,6903.645833333333
2019-11-15,7127.1875
2019-11-16,6516.625
2019-11-17,6076.0
2019-11-18,6893.4375
2019-11-19,7052.916666666667
2019-11-20,7353.416666666667
2019-11-21,7370.916666666667
2019-11-22,6816.1875
2019-11-23,6183.375
2019-11-24,5912.354166666667
2019-11-25,6434.5
2019-11-26,6380.229166666667
2019-11-27,6424.333333333333
2019-11-28,6528.0
2019-11-29,6578.8125
2019-11-30,6461.833333333333
2019-12-01,6390.666666666667
2019-12-02,7311.125
2019-12-03,7566.770833333333
2019-12-04,7652.958333333333
2019-12-05,7681.979166666667
2019-12-06,7539.041666666667
2019-12-07,6324.8125
2019-12-08,5964.833333333333
2019-12-09,6839.729166666667
2019-12-10,7186.354166666667
2019-12-11,6882.0
2019-12-12,7119.291666666667
2019-12-13,7012.458333333333
2019-12-14,6413.958333333333
2019-12-15,6122.3125
2019-12-16,6690.041666666667
2019-12-17,6477.125
2019-12-18,6543.645833333333
2019-12-19,6319.083333333333
2019-12-20,6137.625
2019-12-21,5845.104166666667
2019-12-22,5620.75
2019-12-23,5886.895833333333
2019-12-24,5622.020833333333
2019-12-25,5068.0625
2019-12-26,5958.375
2019-12-27,5855.479166666667
2019-12-28,5731.791666666667
2019-12-29,6048.791666666667
2019-12-30,6428.3125
2019-12-31,6453.479166666667
2020-01-01,6109.166666666667
2020-01-02,6575.0625
2020-01-03,6443.541666666667
2020-01-04,6291.520833333333
2020-01-05,5978.458333333333
2020-01-06,6741.75
2020-01-07,6834.625
2020-01-08,6561.604166666667
2020-01-09,6459.645833333333
2020-01-10,6567.354166666667
2020-01-11,6333.458333333333
2020-01-12,6208.625
2020-01-13,6784.520833333333
2020-01-14,6868.354166666667
2020-01-15,6872.0625
2020-01-16,6809.770833333333
2020-01-17,6688.145833333333
2020-01-18,6447.666666666667
2020-01-19,6385.166666666667
2020-01-20,7277.041666666667
2020-01-21,7532.895833333333
2020-01-22,7792.104166666667
2020-01-23,7566.5625
2020-01-24,7582.833333333333
2020-01-25,7102.3125
2020-01-26,6509.3125
2020-01-27,6853.541666666667
2020-01-28,7108.520833333333
2020-01-29,7097.604166666667
2020-01-30,7013.708333333333
2020-01-31,6550.145833333333
2020-02-01,5918.020833333333
2020-02-02,5716.9375
2020-02-03,6283.666666666667
2020-02-04,6872.229166666667
2020-02-05,6768.708333333333
2020-02-06,6842.125
2020-02-07,6984.770833333333
2020-02-08,6174.75
2020-02-09,5972.520833333333
2020-02-10,6678.291666666667
2020-02-11,7025.1875
2020-02-12,7042.270833333333
2020-02-13,7113.875
2020-02-14,6774.583333333333
2020-02-15,6134.4375
2020-02-16,5717.020833333333
2020-02-17,6485.979166666667
2020-02-18,6813.020833333333
2020-02-19,6810.041666666667
2020-02-20,6796.229166666667
2020-02-21,6866.708333333333
2020-02-22,6374.854166666667
2020-02-23,5828.020833333333
2020-02-24,6416.291666666667
2020-02-25,6550.208333333333
2020-02-26,6942.458333333333
2020-02-27,7188.583333333333
2020-02-28,7295.958333333333
2020-02-29,6401.229166666667
2020-03-01,6210.75
2020-03-02,6830.854166666667
2020-03-03,6959.208333333333
2020-03-04,6946.458333333333
2020-03-05,6783.354166666667
2020-03-06,6752.104166666667
2020-03-07,6386.395833333333
2020-03-08,5987.708333333333
2020-03-09,6554.708333333333
2020-03-10,6610.75
2020-03-11,6264.458333333333
2020-03-12,6345.875
2020-03-13,6505.9375
2020-03-14,6106.854166666667
2020-03-15,5614.729166666667
2020-03-16,6147.3125
2020-03-17,5991.25
2020-03-18,5566.979166666667
2020-03-19,5402.5
2020-03-20,5386.333333333333
2020-03-21,5350.125
2020-03-22,5271.8125
2020-03-23,5526.1875
2020-03-24,5574.354166666667
2020-03-25,5554.770833333333
2020-03-26,5464.625
2020-03-27,5388.583333333333
2020-03-28,5061.520833333333
2020-03-29,5256.958333333333
2020-03-30,5673.416666666667
2020-03-31,5538.291666666667
2020-04-01,5468.645833333333
2020-04-02,5449.1875
2020-04-03,5215.1875
2020-04-04,4864.645833333333
2020-04-05,4519.916666666667
2020-04-06,4735.1875
2020-04-07,4809.291666666667
2020-04-08,4613.916666666667
2020-04-09,4492.979166666667
2020-04-10,4429.0625
2020-04-11,4160.5625
2020-04-12,3993.6458333333335
2020-04-13,4265.916666666667
2020-04-14,4785.104166666667
2020-04-15,4875.645833333333
2020-04-16,4707.479166666667
2020-04-17,4560.6875
2020-04-18,4318.583333333333
2020-04-19,4197.854166666667
2020-04-20,4551.979166666667
2020-04-21,4584.604166666667
2020-04-22,4519.583333333333
2020-04-23,4445.0
2020-04-24,4405.666666666667
2020-04-25,4245.5625
2020-04-26,4184.145833333333
2020-04-27,4486.395833333333
2020-04-28,4629.854166666667
2020-04-29,4735.520833333333
2020-04-30,4788.520833333333
2020-05-01,4313.354166666667
2020-05-02,4315.625
2020-05-03,4316.791666666667
2020-05-04,4646.1875
2020-05-05,4781.104166666667
2020-05-06,4742.1875
2020-05-07,4706.666666666667
2020-05-08,4293.479166666667
2020-05-09,4149.979166666667
2020-05-10,4131.270833333333
2020-05-11,4903.25
2020-05-12,5029.666666666667
2020-05-13,5017.729166666667
2020-05-14,5106.333333333333
2020-05-15,4974.354166666667
2020-05-16,4551.083333333333
2020-05-17,4296.833333333333
2020-05-18,4635.4375
2020-05-19,4641.083333333333
2020-05-20,4609.708333333333
2020-05-21,4214.020833333333
2020-05-22,4374.125
2020-05-23,4280.25
2020-05-24,4090.125
2020-05-25,4613.208333333333
2020-05-26,4633.1875
2020-05-27,4613.104166666667
2020-05-28,4618.979166666667
2020-05-29,4554.458333333333
2020-05-30,4193.479166666667
2020-05-31,3934.4375
2020-06-01,4084.8125
2020-06-02,4569.0
2020-06-03,4694.458333333333
2020-06-04,4744.0625
2020-06-05,4873.208333333333
2020-06-06,4437.479166666667
2020-06-07,4077.75
2020-06-08,4670.083333333333
2020-06-09,4776.729166666667
2020-06-10,4695.0
2020-06-11,4753.25
2020-06-12,4772.854166666667
2020-06-13,4300.208333333333
2020-06-14,4043.5625
2020-06-15,4629.270833333333
2020-06-16,4757.208333333333
2020-06-17,4808.8125
2020-06-18,4823.791666666667
2020-06-19,4793.0625
2020-06-20,4374.625
2020-06-21,4097.041666666667
2020-06-22,4699.9375
2020-06-23,4841.395833333333
2020-06-24,4865.875
2020-06-25,4990.875
2020-06-26,4916.875
2020-06-27,4343.75
2020-06-28,4152.541666666667
2020-06-29,4732.770833333333
2020-06-30,4819.0625
2020-07-01,4909.75
2020-07-02,4891.5
2020-07-03,4831.916666666667
2020-07-04,4462.0625
2020-07-05,4310.3125
2020-07-06,4761.291666666667
2020-07-07,4839.166666666667
2020-07-08,4897.625
2020-07-09,4959.958333333333
2020-07-10,4907.645833333333
2020-07-11,4364.416666666667
2020-07-12,4129.729166666667
2020-07-13,4525.354166666667
2020-07-14,4305.770833333333
2020-07-15,4779.895833333333
2020-07-16,4879.104166666667
2020-07-17,4897.895833333333
2020-07-18,4399.333333333333
2020-07-19,4069.9583333333335
2020-07-20,4680.520833333333
2020-07-21,4835.125
2020-07-22,5044.125
2020-07-23,5171.4375
2020-07-24,5051.958333333333
2020-07-25,4573.604166666667
2020-07-26,4065.4583333333335
2020-07-27,4654.229166666667
2020-07-28,4733.875
2020-07-29,4757.333333333333
2020-07-30,4805.104166666667
2020-07-31,4709.9375
2020-08-01,4117.958333333333
2020-08-02,3817.25
2020-08-03,4178.041666666667
2020-08-04,4297.916666666667
2020-08-05,4318.125
2020-08-06,4326.3125
2020-08-07,4376.520833333333
2020-08-08,4093.5416666666665
2020-08-09,3920.8125
2020-08-10,4330.666666666667
2020-08-11,4437.604166666667
2020-08-12,4475.270833333333
2020-08-13,4394.166666666667
2020-08-14,4322.958333333333
2020-08-15,3970.2291666666665
2020-08-16,3827.4791666666665
2020-08-17,4177.854166666667
2020-08-18,4333.854166666667
2020-08-19,4447.645833333333
2020-08-20,4549.041666666667
2020-08-21,4616.916666666667
2020-08-22,4210.208333333333
2020-08-23,3984.9791666666665
2020-08-24,4459.729166666667
2020-08-25,4752.625
2020-08-26,4838.041666666667
2020-08-27,4784.520833333333
2020-08-28,4739.854166666667
2020-08-29,4346.833333333333
2020-08-30,4157.979166666667
2020-08-31,4704.270833333333
2020-09-01,4916.354166666667
2020-09-02,4955.333333333333
2020-09-03,5043.0625
2020-09-04,4989.770833333333
2020-09-05,4450.5625
2020-09-06,4210.708333333333
2020-09-07,4788.208333333333
2020-09-08,4913.770833333333
2020-09-09,4919.854166666667
2020-09-10,5021.854166666667
2020-09-11,5025.666666666667
2020-09-12,4523.479166666667
2020-09-13,4269.708333333333
2020-09-14,4871.729166666667
2020-09-15,4991.4375
2020-09-16,5122.0
2020-09-17,5052.375
2020-09-18,5013.104166666667
2020-09-19,4554.958333333333
2020-09-20,4289.416666666667
2020-09-21,4844.25
2020-09-22,4968.416666666667
2020-09-23,5064.6875
2020-09-24,5136.0
2020-09-25,5300.541666666667
2020-09-26,5068.6875
2020-09-27,4854.9375
2020-09-28,5396.0
2020-09-29,5404.854166666667
2020-09-30,5369.291666666667
2020-10-01,5383.291666666667
2020-10-02,5543.3125
2020-10-03,4915.708333333333
2020-10-04,4880.083333333333
2020-10-05,5512.270833333333
2020-10-06,5585.8125
2020-10-07,5507.958333333333
2020-10-08,5570.8125
2020-10-09,5374.520833333333
2020-10-10,4994.916666666667
2020-10-11,4819.604166666667
2020-10-12,5520.625
2020-10-13,5784.8125
2020-10-14,5826.666666666667
2020-10-15,5929.9375
2020-10-16,5902.020833333333
2020-10-17,5375.4375
2020-10-18,5140.520833333333
2020-10-19,5741.5
2020-10-20,5816.583333333333
2020-10-21,5667.0
2020-10-22,5549.333333333333
2020-10-23,5499.625
2020-10-24,5110.583333333333
2020-10-25,4897.979166666667
2020-10-26,5724.770833333333
2020-10-27,5989.0625
2020-10-28,5941.75
2020-10-29,5908.9375
2020-10-30,5643.979166666667
2020-10-31,5074.625
2020-11-01,4939.916666666667
2020-11-02,5537.479166666667
2020-11-03,5919.270833333333
2020-11-04,6186.020833333333
2020-11-05,6363.666666666667
2020-11-06,6311.895833333333
2020-11-07,5584.875
2020-11-08,5125.604166666667
2020-11-09,5517.375
2020-11-10,5639.270833333333
2020-11-11,5264.0625
2020-11-12,5782.958333333333
2020-11-13,5939.416666666667
2020-11-14,5269.104166666667
2020-11-15,5224.25
2020-11-16,5916.791666666667
2020-11-17,5916.25
2020-11-18,5847.583333333333
2020-11-19,6079.25
2020-11-20,6291.979166666667
2020-11-21,5798.020833333333
2020-11-22,5481.645833333333
2020-11-23,6010.791666666667
2020-11-24,5922.666666666667
2020-11-25,6441.020833333333
2020-11-26,6419.854166666667
2020-11-27,6468.375
2020-11-28,5992.666666666667
2020-11-29,6083.979166666667
2020-11-30,6933.416666666667
2020-12-01,6695.104166666667
2020-12-02,6543.541666666667
2020-12-03,6752.125
2020-12-04,6801.6875
2020-12-05,6395.479166666667
2020-12-06,6204.4375
2020-12-07,7132.5
2020-12-08,7189.354166666667
2020-12-09,7158.145833333333
2020-12-10,6978.333333333333
2020-12-11,6785.875
2020-12-12,6024.583333333333
2020-12-13,6046.520833333333
2020-12-14,6387.0
2020-12-15,6264.270833333333
2020-12-16,6486.416666666667
2020-12-17,6412.708333333333
2020-12-18,6346.375
2020-12-19,5855.125
2020-12-20,5512.416666666667
2020-12-21,6109.645833333333
2020-12-22,5722.354166666667
2020-12-23,5571.6875
2020-12-24,5639.270833333333
2020-12-25,5498.270833333333
2020-12-26,5889.104166666667
2020-12-27,5852.666666666667
2020-12-28,6146.5625
2020-12-29,6339.625
2020-12-30,6331.0
2020-12-31,6187.291666666667
2021-01-01,6230.625
2021-01-02,6686.9375
2021-01-03,6511.8125
2021-01-04,7211.395833333333
2021-01-05,7523.895833333333
2021-01-06,7559.875
2021-01-07,7661.75
2021-01-08,7719.229166666667
2021-01-09,7405.75
2021-01-10,7185.875
2021-01-11,7447.520833333333
2021-01-12,7001.0625
2021-01-13,7189.791666666667
2021-01-14,6814.895833333333
2021-01-15,7671.291666666667
2021-01-16,7395.1875
2021-01-17,6679.729166666667
2021-01-18,7262.979166666667
2021-01-19,6944.4375
2021-01-20,6854.9375
2021-01-21,6596.125
2021-01-22,7056.354166666667
2021-01-23,6694.25
2021-01-24,6797.479166666667
2021-01-25,7383.104166666667
2021-01-26,7564.729166666667
2021-01-27,7448.604166666667
2021-01-28,6644.1875
2021-01-29,6280.229166666667
2021-01-30,6248.6875
2021-01-31,6408.145833333333
2021-02-01,6803.583333333333
2021-02-02,6676.0625
2021-02-03,6580.854166666667
2021-02-04,6718.520833333333
2021-02-05,6485.125
2021-02-06,5979.166666666667
2021-02-07,6468.270833333333
2021-02-08,7690.583333333333
2021-02-09,8074.416666666667
2021-02-10,8274.979166666666
2021-02-11,8223.979166666666
2021-02-12,8269.020833333334
2021-02-13,7765.666666666667
2021-02-14,7452.4375
2021-02-15,7541.770833333333
2021-02-16,6995.791666666667
2021-02-17,6691.3125
2021-02-18,6714.708333333333
2021-02-19,6671.5625
2021-02-20,5672.0
2021-02-21,5284.3125
2021-02-22,5881.5
2021-02-23,5803.5
2021-02-24,5787.0625
2021-02-25,5844.645833333333
2021-02-26,5941.625
2021-02-27,5831.0625
2021-02-28,5643.333333333333
2021-03-01,6197.3125
2021-03-02,6228.354166666667
2021-03-03,6112.4375
2021-03-04,6282.5625
2021-03-05,6506.291666666667
2021-03-06,6191.645833333333
2021-03-07,6071.729166666667
2021-03-08,6605.583333333333
2021-03-09,6501.125
2021-03-10,6739.25
2021-03-11,6434.729166666667
2021-03-12,6575.0
2021-03-13,6094.604166666667
2021-03-14,5860.458333333333
2021-03-15,6271.208333333333
2021-03-16,6620.895833333333
2021-03-17,6689.041666666667
2021-03-18,6711.0625
2021-03-19,6507.604166666667
2021-03-20,5996.166666666667
2021-03-21,5715.375
2021-03-22,6356.104166666667
2021-03-23,6208.291666666667
2021-03-24,6060.020833333333
2021-03-25,6012.75
2021-03-26,5994.4375
2021-03-27,5576.270833333333
2021-03-28,5075.5
2021-03-29,5514.25
2021-03-30,5414.041666666667
2021-03-31,5275.416666666667
2021-04-01,5273.625
2021-04-02,5575.083333333333
2021-04-03,5427.583333333333
2021-04-04,5302.875
2021-04-05,5574.520833333333
2021-04-06,6401.958333333333
2021-04-07,6643.9375
2021-04-08,6366.979166666667
2021-04-09,6059.25
2021-04-10,5518.0
2021-04-11,5471.875
2021-04-12,6296.104166666667
2021-04-13,6296.604166666667
2021-04-14,6213.541666666667
2021-04-15,6251.520833333333
2021-04-16,6175.520833333333
2021-04-17,5451.791666666667
2021-04-18,5180.0
2021-04-19,5685.354166666667
2021-04-20,5643.791666666667
2021-04-21,5527.125
2021-04-22,5564.25
2021-04-23,5549.958333333333
2021-04-24,4969.979166666667
2021-04-25,4823.979166666667
2021-04-26,5397.375
2021-04-27,5387.6875
2021-04-28,5326.104166666667
2021-04-29,5581.479166666667
2021-04-30,5626.354166666667
2021-05-01,4922.770833333333
2021-05-02,4999.104166666667
2021-05-03,5621.354166666667
2021-05-04,5744.1875
2021-05-05,5609.3125
2021-05-06,5901.875
2021-05-07,5772.1875
2021-05-08,5013.479166666667
2021-05-09,4532.770833333333
2021-05-10,5097.854166666667
2021-05-11,5193.229166666667
2021-05-12,5259.770833333333
2021-05-13,4831.041666666667
2021-05-14,5064.6875
2021-05-15,4972.166666666667
2021-05-16,4744.541666666667
2021-05-17,5379.395833333333
2021-05-18,5328.6875
2021-05-19,5501.5
2021-05-20,5568.145833333333
2021-05-21,5463.5625
2021-05-22,5057.020833333333
2021-05-23,4703.958333333333
2021-05-24,4900.208333333333
2021-05-25,5490.854166666667
2021-05-26,5518.0
2021-05-27,5381.729166666667
2021-05-28,5196.75
2021-05-29,4599.166666666667
2021-05-30,4312.9375
2021-05-31,4913.854166666667
2021-06-01,4908.291666666667
2021-06-02,4941.8125
2021-06-03,4992.270833333333
2021-06-04,4931.145833333333
2021-06-05,4475.270833333333
2021-06-06,4247.5
2021-06-07,4841.229166666667
2021-06-08,4944.354166666667
2021-06-09,5045.729166666667
2021-06-10,5051.791666666667
2021-06-11,5023.25
2021-06-12,4488.666666666667
2021-06-13,4238.104166666667
2021-06-14,4866.958333333333
2021-06-15,4909.104166666667
2021-06-16,5018.395833333333
2021-06-17,5048.75
2021-06-18,4908.708333333333
2021-06-19,4444.041666666667
2021-06-20,4154.583333333333
2021-06-21,4778.458333333333
2021-06-22,4765.229166666667
2021-06-23,4865.083333333333
2021-06-24,4845.166666666667
2021-06-25,4853.958333333333
2021-06-26,4482.979166666667
2021-06-27,4271.854166666667
2021-06-28,4858.479166666667
2021-06-29,4903.833333333333
2021-06-30,4951.645833333333
2021-07-01,5053.0625
2021-07-02,5061.354166666667
2021-07-03,4519.125
2021-07-04,4295.583333333333
2021-07-05,4844.9375
2021-07-06,4864.333333333333
2021-07-07,4935.958333333333
2021-07-08,5028.625
2021-07-09,4990.354166666667
2021-07-10,4499.895833333333
2021-07-11,4258.875
2021-07-12,4824.979166666667
2021-07-13,4905.229166666667
2021-07-14,4410.520833333333
2021-07-15,4765.0625
2021-07-16,4832.333333333333
2021-07-17,4465.5
2021-07-18,4219.0
2021-07-19,4881.125
2021-07-20,5014.333333333333
2021-07-21,4982.729166666667
2021-07-22,5003.0
2021-07-23,4917.770833333333
2021-07-24,4400.083333333333
2021-07-25,4172.0
2021-07-26,4729.4375
2021-07-27,4730.041666666667
2021-07-28,4687.895833333333
2021-07-29,4662.4375
2021-07-30,4559.604166666667
2021-07-31,4162.020833333333
2021-08-01,3953.4583333333335
2021-08-02,4394.041666666667
2021-08-03,4462.208333333333
2021-08-04,4493.5
2021-08-05,4462.625
2021-08-06,4358.25
2021-08-07,4030.1041666666665
2021-08-08,3928.0416666666665
2021-08-09,4225.75
2021-08-10,4312.520833333333
2021-08-11,4319.8125
2021-08-12,4352.8125
2021-08-13,4305.9375
2021-08-14,4071.125
2021-08-15,3870.5833333333335
2021-08-16,4256.895833333333
2021-08-17,4408.583333333333
2021-08-18,4488.0625
2021-08-19,4470.479166666667
2021-08-20,4469.020833333333
2021-08-21,4147.0
2021-08-22,3938.5833333333335
2021-08-23,4499.4375
2021-08-24,4695.0
2021-08-25,4727.0
2021-08-26,4791.604166666667
2021-08-27,4800.166666666667
2021-08-28,4376.791666666667
2021-08-29,4198.145833333333
2021-08-30,4829.125
2021-08-31,4955.5
2021-09-01,5045.145833333333
2021-09-02,5055.666666666667
2021-09-03,5037.291666666667
2021-09-04,4597.229166666667
2021-09-05,4372.229166666667
2021-09-06,4960.0
2021-09-07,5068.75
2021-09-08,5039.333333333333
2021-09-09,5116.1875
2021-09-10,5102.1875
2021-09-11,4524.3125
2021-09-12,4348.833333333333
2021-09-13,4911.020833333333
2021-09-14,4988.5625
2021-09-15,5075.604166666667
2021-09-16,5162.833333333333
2021-09-17,5095.020833333333
2021-09-18,4661.166666666667
2021-09-19,4384.625
2021-09-20,5011.854166666667
2021-09-21,5147.979166666667
2021-09-22,5171.145833333333
2021-09-23,5236.333333333333
2021-09-24,5151.208333333333
2021-09-25,4834.0625
2021-09-26,4447.4375
2021-09-27,5105.9375
2021-09-28,5452.854166666667
2021-09-29,5250.770833333333
2021-09-30,5426.75
2021-10-01,5510.541666666667
2021-10-02,5109.833333333333
2021-10-03,4817.333333333333
2021-10-04,5394.208333333333
2021-10-05,5627.833333333333
2021-10-06,5757.375
2021-10-07,5689.604166666667
2021-10-08,5583.479166666667
2021-10-09,5067.895833333333
2021-10-10,4908.791666666667
2021-10-11,5377.583333333333
2021-10-12,5596.791666666667
2021-10-13,5645.875
2021-10-14,5780.25
2021-10-15,5686.875
2021-10-16,5280.583333333333
2021-10-17,5119.520833333333
2021-10-18,5734.020833333333
2021-10-19,5551.166666666667
2021-10-20,5580.75
2021-10-21,5812.1875
2021-10-22,5950.416666666667
2021-10-23,5363.833333333333
2021-10-24,5205.395833333333
2021-10-25,5813.166666666667
2021-10-26,5900.791666666667
2021-10-27,5787.416666666667
2021-10-28,5779.979166666667
2021-10-29,5821.041666666667
2021-10-30,5312.0
2021-10-31,5138.604166666667
2021-11-01,5431.75
2021-11-02,6030.916666666667
2021-11-03,6272.375
2021-11-04,6439.145833333333
2021-11-05,6301.354166666667
2021-11-06,6005.854166666667
2021-11-07,5500.979166666667
2021-11-08,6229.041666666667
2021-11-09,6475.770833333333
2021-11-10,6582.354166666667
2021-11-11,6049.625
2021-11-12,6332.375
2021-11-13,5707.916666666667
2021-11-14,5434.791666666667
2021-11-15,6373.083333333333
2021-11-16,6588.354166666667
2021-11-17,6496.479166666667
2021-11-18,6630.666666666667
2021-11-19,6336.145833333333
2021-11-20,5812.625
2021-11-21,5770.0625
2021-11-22,6803.3125
2021-11-23,7023.354166666667
2021-11-24,6906.375
2021-11-25,6924.5
2021-11-26,7104.270833333333
2021-11-27,6705.666666666667
2021-11-28,6551.9375
2021-11-29,7203.958333333333
2021-11-30,7212.083333333333
2021-12-01,6908.458333333333
2021-12-02,7295.458333333333
2021-12-03,7432.875
2021-12-04,6547.875
2021-12-05,6409.270833333333
2021-12-06,7092.6875
2021-12-07,7457.25
2021-12-08,7312.395833333333
2021-12-09,7337.604166666667
2021-12-10,7415.541666666667
2021-12-11,6718.854166666667
2021-12-12,6144.770833333333
2021-12-13,6549.458333333333
2021-12-14,6696.645833333333
2021-12-15,6598.25
2021-12-16,6505.083333333333
2021-12-17,6784.270833333333
2021-12-18,6303.645833333333
2021-12-19,6041.770833333333
2021-12-20,6645.229166666667
2021-12-21,6999.770833333333
2021-12-22,7432.0
2021-12-23,7178.458333333333
2021-12-24,5951.520833333333
2021-12-25,5284.020833333333
2021-12-26,5511.041666666667
2021-12-27,5838.0
2021-12-28,5946.458333333333
2021-12-29,5828.979166666667
2021-12-30,5487.729166666667
2021-12-31,5250.479166666667
2022-01-01,4857.166666666667
2022-01-02,5206.1875
2022-01-03,6074.416666666667
2022-01-04,6445.458333333333
2022-01-05,6934.895833333333
2022-01-06,7075.3125
2022-01-07,7082.104166666667
2022-01-08,6642.229166666667
2022-01-09,6188.479166666667
2022-01-10,7204.604166666667
2022-01-11,7330.0625
2022-01-12,7327.9375
2022-01-13,7331.5625
2022-01-14,7283.333333333333
2022-01-15,6858.958333333333
2022-01-16,6642.458333333333
2022-01-17,7001.625
2022-01-18,7062.541666666667
2022-01-19,7142.729166666667
2022-01-20,7290.5625
2022-01-21,7288.541666666667
2022-01-22,6631.25
2022-01-23,6373.875
2022-01-24,6940.541666666667
2022-01-25,7470.895833333333
2022-01-26,7374.8125
2022-01-27,7102.666666666667
2022-01-28,6956.375
2022-01-29,6255.0625
2022-01-30,5842.979166666667
2022-01-31,6898.083333333333
2022-02-01,6965.125
2022-02-02,6579.875
2022-02-03,6651.541666666667
2022-02-04,6674.541666666667
2022-02-05,6294.770833333333
2022-02-06,6067.9375
2022-02-07,6514.479166666667
2022-02-08,6467.541666666667
2022-02-09,6278.666666666667
2022-02-10,6564.479166666667
2022-02-11,6694.625
2022-02-12,6401.958333333333
2022-02-13,6183.208333333333
2022-02-14,6348.354166666667
2022-02-15,6578.625
2022-02-16,6472.708333333333
2022-02-17,6280.854166666667
2022-02-18,6213.354166666667
2022-02-19,6154.625
2022-02-20,5886.375
2022-02-21,6662.75
2022-02-22,6610.854166666667
2022-02-23,6540.166666666667
2022-02-24,6662.895833333333
2022-02-25,6725.4375
2022-02-26,6242.520833333333
2022-02-27,6025.458333333333
2022-02-28,6523.75
2022-03-01,6595.583333333333
2022-03-02,6498.770833333333
2022-03-03,6296.333333333333
2022-03-04,6217.1875
2022-03-05,5843.645833333333
2022-03-06,5803.291666666667
2022-03-07,6640.770833333333
2022-03-08,6683.375
2022-03-09,6408.333333333333
2022-03-10,6057.666666666667
2022-03-11,6099.395833333333
2022-03-12,5573.375
2022-03-13,5343.520833333333
2022-03-14,5877.9375
2022-03-15,6021.958333333333
2022-03-16,6025.5625
2022-03-17,6089.166666666667
2022-03-18,6081.541666666667
2022-03-19,5470.333333333333
2022-03-20,5378.5
2022-03-21,5888.791666666667
2022-03-22,5693.645833333333
2022-03-23,5677.625
2022-03-24,5608.791666666667
2022-03-25,5475.833333333333
2022-03-26,4996.375
2022-03-27,4621.979166666667
2022-03-28,5383.354166666667
2022-03-29,5509.458333333333
2022-03-30,5669.4375
2022-03-31,6105.020833333333
2022-04-01,6946.041666666667
2022-04-02,6378.25
2022-04-03,5968.5625
2022-04-04,6597.645833333333
2022-04-05,6309.958333333333
2022-04-06,6309.708333333333
2022-04-07,6266.25
2022-04-08,6323.1875
2022-04-09,5782.666666666667
2022-04-10,5361.833333333333
2022-04-11,5643.9375
2022-04-12,5354.041666666667
2022-04-13,5300.145833333333
2022-04-14,5306.979166666667
2022-04-15,5161.395833333333
2022-04-16,4720.458333333333
2022-04-17,4501.208333333333
2022-04-18,4512.395833333333
2022-04-19,5046.0
2022-04-20,5171.9375
2022-04-21,5216.895833333333
2022-04-22,5219.8125
2022-04-23,4774.958333333333
2022-04-24,4521.520833333333
2022-04-25,5240.520833333333
2022-04-26,5322.208333333333
2022-04-27,5397.791666666667
2022-04-28,5358.8125
2022-04-29,5315.729166666667
2022-04-30,4896.916666666667
2022-05-01,4498.395833333333
2022-05-02,5033.3125
2022-05-03,5212.291666666667
2022-05-04,5327.8125
2022-05-05,5289.291666666667
2022-05-06,5215.291666666667
2022-05-07,4649.708333333333
2022-05-08,4341.833333333333
2022-05-09,4982.458333333333
2022-05-10,4991.6875
2022-05-11,5021.208333333333
2022-05-12,5072.5
2022-05-13,5060.020833333333
2022-05-14,4605.208333333333
2022-05-15,4324.395833333333
2022-05-16,4901.125
2022-05-17,4962.5
2022-05-18,5043.583333333333
2022-05-19,5027.1875
2022-05-20,5009.041666666667
2022-05-21,4537.833333333333
2022-05-22,4318.916666666667
2022-05-23,4885.875
2022-05-24,4895.520833333333
2022-05-25,4601.3125
2022-05-26,3761.0625
2022-05-27,3862.4583333333335
2022-05-28,3892.8958333333335
2022-05-29,4612.229166666667
2022-05-30,4693.375
2022-05-31,4436.875
2022-06-01,4979.895833333333
2022-06-02,5018.875
2022-06-03,4985.625
2022-06-04,4600.3125
2022-06-05,4303.0
2022-06-06,4406.791666666667
2022-06-07,4901.395833333333
2022-06-08,5048.833333333333
2022-06-09,5035.354166666667
2022-06-10,5055.916666666667
2022-06-11,4604.416666666667
2022-06-12,4377.104166666667
2022-06-13,4893.0
2022-06-14,4996.75
2022-06-15,5102.4375
2022-06-16,5121.729166666667
2022-06-17,5081.9375
2022-06-18,4711.854166666667
2022-06-19,4252.645833333333
2022-06-20,4838.625
2022-06-21,4935.4375
2022-06-22,4974.791666666667
2022-06-23,5071.791666666667
2022-06-24,4972.3125
2022-06-25,4454.604166666667
2022-06-26,4310.8125
2022-06-27,4862.375
2022-06-28,5025.416666666667
2022-06-29,5004.520833333333
2022-06-30,5058.1875
2022-07-01,5031.979166666667
2022-07-02,4626.75
2022-07-03,4321.416666666667
2022-07-04,4943.4375
2022-07-05,4985.854166666667
2022-07-06,5016.333333333333
2022-07-07,5028.8125
2022-07-08,5110.5
2022-07-09,4671.958333333333
2022-07-10,4370.395833333333
2022-07-11,5046.583333333333
2022-07-12,5135.770833333333
2022-07-13,5133.333333333333
2022-07-14,4489.9375
2022-07-15,4706.666666666667
2022-07-16,4519.270833333333
2022-07-17,4364.958333333333
2022-07-18,4912.25
2022-07-19,4833.354166666667
2022-07-20,4887.0
2022-07-21,4943.666666666667
2022-07-22,4856.229166666667
2022-07-23,4424.208333333333
2022-07-24,4255.4375
2022-07-25,4731.0625
2022-07-26,4758.708333333333
2022-07-27,4706.895833333333
2022-07-28,4844.020833333333
2022-07-29,4714.5
2022-07-30,4211.770833333333
2022-07-31,3994.8541666666665
2022-08-01,4402.541666666667
2022-08-02,4485.833333333333
2022-08-03,4539.958333333333
2022-08-04,4424.354166666667
2022-08-05,4301.0625
2022-08-06,4046.7916666666665
2022-08-07,3886.6875
2022-08-08,4338.604166666667
2022-08-09,4281.8125
2022-08-10,4380.625
2022-08-11,4366.791666666667
2022-08-12,4273.375
2022-08-13,3945.4583333333335
2022-08-14,3844.9375
2022-08-15,3963.4375
2022-08-16,4343.0
2022-08-17,4417.333333333333
2022-08-18,4434.770833333333
2022-08-19,4450.75
2022-08-20,4115.270833333333
2022-08-21,4019.3541666666665
2022-08-22,4560.958333333333
2022-08-23,4727.666666666667
2022-08-24,4759.958333333333
2022-08-25,4752.75
2022-08-26,4689.729166666667
2022-08-27,4256.104166666667
2022-08-28,4017.4791666666665
2022-08-29,4609.25
2022-08-30,4812.479166666667
2022-08-31,4947.416666666667
2022-09-01,4942.395833333333
2022-09-02,4868.333333333333
2022-09-03,4494.479166666667
2022-09-04,4279.916666666667
2022-09-05,4716.979166666667
2022-09-06,4697.958333333333
2022-09-07,4756.145833333333
2022-09-08,4815.229166666667
2022-09-09,4820.854166666667
2022-09-10,4492.020833333333
2022-09-11,4258.541666666667
2022-09-12,4818.458333333333
2022-09-13,4891.041666666667
2022-09-14,4938.020833333333
2022-09-15,4914.125
2022-09-16,4923.833333333333
2022-09-17,4465.145833333333
2022-09-18,4264.958333333333
2022-09-19,4891.770833333333
2022-09-20,4940.020833333333
2022-09-21,4962.041666666667
2022-09-22,5067.166666666667
2022-09-23,5088.6875
2022-09-24,4611.895833333333
2022-09-25,4332.520833333333
2022-09-26,5028.5
2022-09-27,5099.458333333333
2022-09-28,5186.875
2022-09-29,5184.5
2022-09-30,5165.354166666667
2022-10-01,4679.791666666667
2022-10-02,4501.791666666667
2022-10-03,5070.5
2022-10-04,5122.666666666667
2022-10-05,5083.541666666667
2022-10-06,5141.5625
2022-10-07,5102.4375
2022-10-08,4645.583333333333
2022-10-09,4476.166666666667
2022-10-10,5088.333333333333
2022-10-11,5238.166666666667
2022-10-12,5415.770833333333
2022-10-13,5440.833333333333
2022-10-14,5254.875
2022-10-15,4658.354166666667
2022-10-16,4544.5
2022-10-17,4925.666666666667
2022-10-18,4914.5625
2022-10-19,5028.583333333333
2022-10-20,5062.3125
2022-10-21,4979.833333333333
2022-10-22,4698.520833333333
2022-10-23,4320.958333333333
2022-10-24,5066.291666666667
2022-10-25,5137.208333333333
2022-10-26,5101.604166666667
2022-10-27,5064.354166666667
2022-10-28,5068.9375
2022-10-29,4547.604166666667
2022-10-30,4397.520833333333
2022-10-31,4669.104166666667
2022-11-01,4529.333333333333
2022-11-02,5157.979166666667
2022-11-03,5339.416666666667
2022-11-04,5352.104166666667
2022-11-05,5110.041666666667
2022-11-06,4967.479166666667
2022-11-07,5375.1875
2022-11-08,5448.479166666667
2022-11-09,5488.395833333333
2022-11-10,5537.666666666667
2022-11-11,5063.458333333333
2022-11-12,5089.708333333333
2022-11-13,5037.4375
2022-11-14,5828.604166666667
2022-11-15,5698.479166666667
2022-11-16,5764.5
2022-11-17,5713.854166666667
2022-11-18,5805.395833333333
2022-11-19,5347.1875
2022-11-20,5135.1875
2022-11-21,6027.395833333333
2022-11-22,6129.979166666667
2022-11-23,6234.395833333333
2022-11-24,6186.145833333333
2022-11-25,5839.916666666667
2022-11-26,5492.625
2022-11-27,5445.729166666667
2022-11-28,5766.541666666667
2022-11-29,6136.916666666667
2022-11-30,6184.541666666667
2022-12-01,6280.6875
2022-12-02,6361.125
2022-12-03,6150.8125
2022-12-04,6003.1875
2022-12-05,6698.625
2022-12-06,6578.020833333333
2022-12-07,6567.104166666667
2022-12-08,6570.125
2022-12-09,6829.020833333333
2022-12-10,6337.395833333333
2022-12-11,6202.583333333333
2022-12-12,7053.4375
2022-12-13,7398.520833333333
2022-12-14,7230.416666666667
2022-12-15,7397.0625
2022-12-16,7244.770833333333
2022-12-17,7066.229166666667
2022-12-18,6892.166666666667
2022-12-19,6605.3125
2022-12-20,6063.1875
2022-12-21,5844.770833333333
2022-12-22,5681.916666666667
2022-12-23,5281.916666666667
2022-12-24,4715.958333333333
2022-12-25,4389.708333333333
2022-12-26,5052.708333333333
2022-12-27,5528.208333333333
2022-12-28,5493.354166666667
2022-12-29,5330.520833333333
2022-12-30,5369.520833333333
2022-12-31,4696.270833333333
2023-01-01,4514.229166666667
2023-01-02,5140.5625
2023-01-03,5841.625
2023-01-04,5965.5
2023-01-05,5686.729166666667
2023-01-06,5720.520833333333
2023-01-07,5236.166666666667
2023-01-08,5303.833333333333
2023-01-09,6162.333333333333
2023-01-10,6465.520833333333
2023-01-11,6189.395833333333
2023-01-12,6246.0
2023-01-13,6244.5
2023-01-14,5706.770833333333
2023-01-15,5758.229166666667
2023-01-16,6575.958333333333
2023-01-17,6785.0625
2023-01-18,6967.854166666667
2023-01-19,7020.666666666667
2023-01-20,6940.0625
2023-01-21,6337.854166666667
2023-01-22,6475.354166666667
2023-01-23,6937.291666666667
2023-01-24,7057.416666666667
2023-01-25,7247.375
2023-01-26,7021.125
2023-01-27,6664.25
2023-01-28,6256.666666666667
2023-01-29,6177.0
2023-01-30,6540.479166666667
2023-01-31,6623.6875
2023-02-01,6498.0625
2023-02-02,6470.479166666667
2023-02-03,6424.645833333333
2023-02-04,5453.625
2023-02-05,5483.125
2023-02-06,6249.729166666667
2023-02-07,6636.25
2023-02-08,6935.0625
2023-02-09,7000.083333333333
2023-02-10,6559.75
2023-02-11,5773.416666666667
2023-02-12,5320.291666666667
2023-02-13,6080.458333333333
2023-02-14,6117.208333333333
2023-02-15,6206.395833333333
2023-02-16,5994.958333333333
2023-02-17,5953.0625
2023-02-18,5421.770833333333
2023-02-19,5094.645833333333
2023-02-20,6107.333333333333
2023-02-21,6037.708333333333
2023-02-22,6143.645833333333
2023-02-23,6068.5
2023-02-24,5955.666666666667
2023-02-25,5741.208333333333
2023-02-26,5850.5
2023-02-27,6499.833333333333
2023-02-28,6803.6875
2023-03-01,6775.666666666667
2023-03-02,6707.6875
2023-03-03,6574.875
2023-03-04,6033.9375
2023-03-05,5683.833333333333
2023-03-06,6306.625
2023-03-07,6281.833333333333
2023-03-08,6243.416666666667
2023-03-09,5997.1875
2023-03-10,6240.4375
2023-03-11,5705.333333333333
2023-03-12,5138.375
2023-03-13,5526.708333333333
2023-03-14,5899.166666666667
2023-03-15,5912.291666666667
2023-03-16,5704.625
2023-03-17,5573.8125
2023-03-18,4964.5
2023-03-19,4940.75
2023-03-20,5787.3125
2023-03-21,5543.854166666667
2023-03-22,5527.104166666667
2023-03-23,5426.1875
2023-03-24,5441.4375
2023-03-25,5267.083333333333
2023-03-26,5074.666666666667
2023-03-27,5883.583333333333
2023-03-28,6091.625
2023-03-29,5675.354166666667
2023-03-30,5561.375
2023-03-31,5800.625
2023-04-01,5494.0625
2023-04-02,5445.25
2023-04-03,5887.291666666667
2023-04-04,5892.416666666667
2023-04-05,5897.833333333333
2023-04-06,5712.6875
2023-04-07,5669.916666666667
2023-04-08,5332.291666666667
2023-04-09,4796.291666666667
2023-04-10,4935.6875
2023-04-11,5575.666666666667
2023-04-12,5887.8125
2023-04-13,5775.458333333333
2023-04-14,5795.0
2023-04-15,5207.875
2023-04-16,4852.229166666667
2023-04-17,5572.791666666667
2023-04-18,5524.229166666667
2023-04-19,5440.854166666667
2023-04-20,5695.916666666667
2023-04-21,5733.645833333333
2023-04-22,5220.854166666667
2023-04-23,4907.833333333333
2023-04-24,5444.604166666667
2023-04-25,5542.083333333333
2023-04-26,5608.958333333333
2023-04-27,5343.291666666667
2023-04-28,5277.3125
2023-04-29,4843.645833333333
2023-04-30,4535.395833333333
2023-05-01,4376.416666666667
2023-05-02,5092.208333333333
2023-05-03,5231.625
2023-05-04,5119.0625
2023-05-05,4673.020833333333
2023-05-06,4556.125
2023-05-07,4284.5625
2023-05-08,4328.5625
2023-05-09,4986.375
2023-05-10,5092.083333333333
2023-05-11,5196.020833333333
2023-05-12,5231.541666666667
2023-05-13,4732.208333333333
2023-05-14,4422.916666666667
2023-05-15,5060.958333333333
2023-05-16,5088.354166666667
2023-05-17,5040.958333333333
2023-05-18,4563.979166666667
2023-05-19,4641.5
2023-05-20,4415.895833333333
2023-05-21,4202.166666666667
2023-05-22,4786.083333333333
2023-05-23,4955.854166666667
2023-05-24,5583.791666666667
2023-05-25,4915.979166666667
2023-05-26,4867.9375
2023-05-27,4381.979166666667
2023-05-28,4121.041666666667
2023-05-29,4331.291666666667
2023-05-30,4814.625
2023-05-31,4917.083333333333
2023-06-01,4713.958333333333
2023-06-02,4741.083333333333
2023-06-03,4280.5625
2023-06-04,3999.9583333333335
2023-06-05,4548.458333333333
2023-06-06,4614.416666666667
2023-06-07,4609.041666666667
2023-06-08,4673.416666666667
2023-06-09,4764.166666666667
2023-06-10,4398.4375
2023-06-11,4188.854166666667
2023-06-12,4718.9375
2023-06-13,4795.208333333333
2023-06-14,4786.75
2023-06-15,4800.145833333333
2023-06-16,4746.958333333333
2023-06-17,4284.9375
2023-06-18,4039.7291666666665
2023-06-19,4643.416666666667
2023-06-20,4749.958333333333
2023-06-21,4773.895833333333
2023-06-22,4716.4375
2023-06-23,4760.208333333333
2023-06-24,4425.145833333333
2023-06-25,4181.229166666667
2023-06-26,4575.020833333333
2023-06-27,4620.229166666667
2023-06-28,4764.916666666667
2023-06-29,4813.354166666667
2023-06-30,4630.25
